Year,Category,Material Type,Vendor,Cost
2013,Reuse,D-Swap For Good,Others,6208
2014,Reuse,D-Donations,Others,1292
2014,Compost,C-Organics,Mission Trail,1240
2014,Compost,C-Organics,Mission Trail,922
2014,Compost,C-Organics,Mission Trail,508
2014,Compost,C-Organics,Mission Trail,1160
2014,Compost,C-Organics,Mission Trail,1466
2014,Compost,C-Organics,Mission Trail,949
2014,Compost,C-Organics,Mission Trail,323
2014,Compost,C-Organics,Mission Trail,1405
2014,Compost,C-Organics,Mission Trail,2559
2014,Compost,C-Organics,Mission Trail,1687
2014,Compost,C-Organics,Mission Trail,1239
2014,Compost,C-Organics,Mission Trail,2598
2015,Reuse,D-Food Recovery Network,Food Recovery Network,1291
2015,Reuse,D-Food Recovery Network,Food Recovery Network,1052
2015,Reuse,D-Food Recovery Network,Food Recovery Network,1430
2015,Reuse,D-Food Recovery Network,Food Recovery Network,1630
2015,Reuse,D-Food Recovery Network,Food Recovery Network,1687
2015,Reuse,D-Donations,Others,1582
2015,Recycle,R-Construction & Demolition,Others,1461
2015,Compost,C-Organics,Mission Trail,1630
2015,Compost,C-Organics,Mission Trail,6208
2015,Compost,C-Organics,Mission Trail,1630
2015,Compost,C-Organics,Mission Trail,1582
2015,Compost,C-Organics,Mission Trail,445
2015,Compost,C-Organics,Mission Trail,6515
2015,Compost,C-Organics,Mission Trail,122
2015,Compost,C-Organics,Mission Trail,943
2015,Compost,C-Organics,Mission Trail,1483
2015,Compost,C-Organics,Mission Trail,901
2015,Compost,C-Organics,Mission Trail,1582
2016,Compost,C-Yardwaste,Mission Trail,1043
2016,Compost,C-Yardwaste,Mission Trail,982
2016,Compost,C-Yardwaste,Mission Trail,944
2016,Compost,C-Foodscraps,Mission Trail,49
2016,Compost,C-Foodscraps,Mission Trail,49
2016,Compost,C-Foodscraps,Mission Trail,49
2016,Compost,C-Foodscraps,Mission Trail,890
2016,Compost,C-Yardwaste,Mission Trail,996
2016,Compost,C-Yardwaste,Mission Trail,1023
2016,Compost,C-Yardwaste,Mission Trail,1243
2016,Compost,C-Yardwaste,Mission Trail,937
2016,Compost,C-Yardwaste,Mission Trail,998
2016,Compost,C-Foodscraps,Mission Trail,37
2016,Compost,C-Foodscraps,Mission Trail,741
2016,Compost,C-Yardwaste,Mission Trail,1001
2016,Compost,C-Yardwaste,Mission Trail,1004
2016,Compost,C-Organics,Mission Trail,4450
2016,Compost,C-Yardwaste,Mission Trail,948
2016,Compost,C-Yardwaste,Mission Trail,1050
2016,Compost,C-Yardwaste,Mission Trail,1083
2016,Compost,C-Foodscraps,Mission Trail,49
2016,Compost,C-Foodscraps,Mission Trail,49
2016,Compost,C-Foodscraps,Mission Trail,49
2016,Compost,C-Foodscraps,Mission Trail,49
2016,Compost,C-Foodscraps,Mission Trail,49
2016,Compost,C-Foodscraps,Mission Trail,49
2016,Compost,C-Foodscraps,Mission Trail,49
2016,Compost,C-Foodscraps,Mission Trail,49
2016,Compost,C-Foodscraps,Mission Trail,49
2016,Compost,C-Foodscraps,Mission Trail,890
2016,Compost,C-Yardwaste,Mission Trail,953
2016,Compost,C-Foodscraps,Mission Trail,49
2016,Compost,C-Foodscraps,Mission Trail,49
2016,Compost,C-Foodscraps,Mission Trail,49
2016,Compost,C-Foodscraps,Mission Trail,49
2016,Compost,C-Foodscraps,Mission Trail,890
2016,Compost,C-Yardwaste,Mission Trail,1002
2016,Compost,C-Yardwaste,Mission Trail,1040
2016,Compost,C-Yardwaste,Mission Trail,1010
2016,Compost,C-Foodscraps,Mission Trail,37
2016,Compost,C-Yardwaste,Mission Trail,947
2016,Compost,C-Yardwaste,Mission Trail,1026
2016,Compost,C-Yardwaste,Mission Trail,1064
2016,Compost,C-Yardwaste,Mission Trail,916
2016,Compost,C-Yardwaste,Mission Trail,49
2016,Compost,C-Yardwaste,Mission Trail,49
2016,Compost,C-Yardwaste,Mission Trail,49
2016,Compost,C-Yardwaste,Mission Trail,49
2016,Compost,C-Yardwaste,Mission Trail,741
2016,Compost,C-Yardwaste,Mission Trail,1052
2016,Compost,C-Yardwaste,Mission Trail,1174
2016,Compost,C-Yardwaste,Mission Trail,1002
2016,Compost,C-Yardwaste,Mission Trail,1010
2016,Compost,C-Yardwaste,Mission Trail,1162
2016,Compost,C-Foodscraps,Mission Trail,49
2016,Compost,C-Foodscraps,Mission Trail,49
2016,Compost,C-Foodscraps,Mission Trail,49
2016,Compost,C-Foodscraps,Mission Trail,49
2016,Compost,C-Foodscraps,Mission Trail,49
2016,Compost,C-Foodscraps,Mission Trail,49
2016,Compost,C-Yardwaste,Mission Trail,1037
2016,Compost,C-Yardwaste,Mission Trail,1083
2016,Compost,C-Yardwaste,Mission Trail,1039
2016,Compost,C-Yardwaste,Mission Trail,1019
2016,Compost,C-Foodscraps,Mission Trail,49
2016,Compost,C-Foodscraps,Mission Trail,49
2016,Compost,C-Foodscraps,Mission Trail,49
2016,Compost,C-Foodscraps,Mission Trail,49
2016,Compost,C-Foodscraps,Mission Trail,49
2016,Compost,C-Foodscraps,Mission Trail,49
2016,Compost,C-Foodscraps,Mission Trail,49
2016,Compost,C-Foodscraps,Mission Trail,49
2016,Compost,C-Foodscraps,Mission Trail,49
2016,Compost,C-Foodscraps,Mission Trail,890
2016,Compost,C-Yardwaste,Mission Trail,579
2016,Compost,C-Foodscraps,Mission Trail,741
2016,Compost,C-Yardwaste,Mission Trail,1140
2016,Compost,C-Yardwaste,Mission Trail,1104
2016,Compost,C-Yardwaste,Mission Trail,672
2016,Compost,C-Foodscraps,Mission Trail,37
2016,Compost,C-Foodscraps,Mission Trail,37
2016,Compost,C-Foodscraps,Mission Trail,741
2016,Landfill,L-Landfill,Mission Trail,144
2016,Landfill,L-Landfill,Mission Trail,1582
2016,Landfill,L-Landfill,Mission Trail,1582
2016,Landfill,L-Landfill,Mission Trail,1582
2016,Landfill,L-Landfill,Mission Trail,1582
2016,Landfill,L-Landfill,Mission Trail,1582
2016,Landfill,L-Landfill,Mission Trail,1582
2016,Landfill,L-Landfill,Mission Trail,1582
2016,Landfill,L-Landfill,Mission Trail,279
2016,Landfill,L-Landfill,Mission Trail,148
2016,Landfill,L-Landfill,Mission Trail,1630
2016,Landfill,L-Landfill,Mission Trail,1630
2016,Landfill,L-Landfill,Mission Trail,1630
2016,Landfill,L-Landfill,Mission Trail,1630
2016,Landfill,L-Landfill,Mission Trail,288
2016,Landfill,L-Landfill,Mission Trail,148
2016,Landfill,L-Landfill,Mission Trail,1630
2016,Landfill,L-Landfill,Mission Trail,1630
2016,Landfill,L-Landfill,Mission Trail,1630
2016,Landfill,L-Landfill,Mission Trail,1630
2016,Landfill,L-Landfill,Mission Trail,288
2016,Landfill,L-Landfill,Mission Trail,428
2016,Landfill,L-Landfill,Mission Trail,1582
2016,Landfill,L-Landfill,Mission Trail,1582
2016,Landfill,L-Landfill,Mission Trail,1582
2016,Landfill,L-Landfill,Mission Trail,1582
2016,Landfill,L-Landfill,Mission Trail,1582
2016,Landfill,L-Landfill,Mission Trail,1582
2016,Landfill,L-Landfill,Mission Trail,1582
2016,Landfill,L-Landfill,Mission Trail,279
2016,Landfill,L-Landfill,Mission Trail,415
2016,Landfill,L-Landfill,Mission Trail,144
2016,Landfill,L-Landfill,Mission Trail,1582
2016,Landfill,L-Landfill,Mission Trail,1582
2016,Landfill,L-Landfill,Mission Trail,1582
2016,Landfill,L-Landfill,Mission Trail,1582
2016,Landfill,L-Landfill,Mission Trail,1582
2016,Landfill,L-Landfill,Mission Trail,1582
2016,Landfill,L-Landfill,Mission Trail,279
2016,Landfill,L-Landfill,Mission Trail,279
2016,Landfill,L-Landfill,Mission Trail,415
2016,Landfill,L-Landfill,Mission Trail,1630
2016,Landfill,L-Landfill,Mission Trail,1630
2016,Landfill,L-Landfill,Mission Trail,288
2016,Landfill,L-Landfill,Mission Trail,987
2016,Landfill,L-Landfill,Mission Trail,987
2016,Landfill,L-Landfill,Mission Trail,987
2016,Landfill,L-Landfill,Mission Trail,987
2016,Landfill,L-Landfill,Mission Trail,987
2016,Landfill,L-Landfill,Mission Trail,987
2016,Landfill,L-Landfill,Mission Trail,987
2016,Landfill,L-Landfill,Mission Trail,1582
2016,Landfill,L-Landfill,Mission Trail,1582
2016,Landfill,L-Landfill,Mission Trail,1582
2016,Landfill,L-Landfill,Mission Trail,1582
2016,Landfill,L-Landfill,Mission Trail,1582
2016,Landfill,L-Landfill,Mission Trail,1582
2016,Landfill,L-Landfill,Mission Trail,288
2016,Landfill,L-Landfill,Mission Trail,288
2016,Landfill,L-Landfill,Mission Trail,428
2016,Landfill,L-Landfill,Mission Trail,987
2016,Landfill,L-Landfill,Mission Trail,987
2016,Landfill,L-Landfill,Mission Trail,987
2016,Landfill,L-Landfill,Mission Trail,1582
2016,Landfill,L-Landfill,Mission Trail,1582
2016,Landfill,L-Landfill,Mission Trail,279
2016,Landfill,L-Landfill,Mission Trail,279
2016,Landfill,L-Landfill,Mission Trail,1582
2016,Landfill,L-Landfill,Mission Trail,1582
2016,Landfill,L-Landfill,Mission Trail,1582
2016,Landfill,L-Landfill,Mission Trail,1582
2016,Landfill,L-Landfill,Mission Trail,1582
2016,Landfill,L-Landfill,Mission Trail,279
2016,Landfill,L-Landfill,Mission Trail,148
2016,Landfill,L-Landfill,Mission Trail,148
2016,Landfill,L-Landfill,Mission Trail,1630
2016,Landfill,L-Landfill,Mission Trail,1630
2016,Landfill,L-Landfill,Mission Trail,1630
2016,Landfill,L-Landfill,Mission Trail,1630
2016,Landfill,L-Landfill,Mission Trail,1630
2016,Landfill,L-Landfill,Mission Trail,1630
2016,Landfill,L-Landfill,Mission Trail,1630
2016,Landfill,L-Landfill,Mission Trail,1630
2016,Landfill,L-Landfill,Mission Trail,1630
2016,Landfill,L-Landfill,Mission Trail,288
2016,Recycle,R-Mixed recycling,Mission Trail,208
2016,Recycle,R-Mixed recycling,Mission Trail,309
2016,Recycle,R-Mixed recycling,Mission Trail,213
2016,Recycle,R-Mixed recycling,Mission Trail,213
2016,Recycle,R-Mixed recycling,Mission Trail,317
2016,Recycle,R-Mixed recycling,Mission Trail,1109
2016,Recycle,R-Mixed recycling,Mission Trail,1109
2016,Recycle,R-Mixed recycling,Mission Trail,1109
2016,Recycle,R-Mixed recycling,Mission Trail,317
2016,Recycle,R-E-waste,Green Waste,176
2016,Recycle,R-Paper,Green Waste,1678
2016,Recycle,R-Metal,Green Waste,176
2016,Recycle,R-Plastic,Green Waste,49
2016,Recycle,R-Cardboard,Green Waste,1595
2016,Recycle,R-Mixed recycling,Green Waste,1140
2016,Recycle,R-Mixed recycling,Mission Trail,208
2016,Recycle,R-Mixed recycling,Mission Trail,208
2016,Recycle,R-Mixed recycling,Mission Trail,107
2016,Recycle,R-Mixed recycling,Mission Trail,30
2016,Recycle,R-Mixed recycling,Mission Trail,412
2016,Recycle,R-E-waste,ECS Refining,1285
2016,Recycle,R-Paper,Green Waste,1630
2016,Recycle,R-Plastic,Green Waste,1043
2016,Recycle,R-Cardboard,Green Waste,1576
2016,Recycle,R-Mixed recycling,Green Waste,1391
2016,Recycle,R-Mixed recycling,Mission Trail,208
2016,Recycle,R-Mixed recycling,Mission Trail,208
2016,Recycle,R-Mixed recycling,Mission Trail,107
2016,Recycle,R-Mixed recycling,Mission Trail,159
2016,Recycle,R-Mixed recycling,Mission Trail,213
2016,Recycle,R-Mixed recycling,Mission Trail,110
2016,Recycle,R-Mixed recycling,Mission Trail,317
2016,Recycle,R-Mixed recycling,Mission Trail,110
2016,Recycle,R-E-waste,Green Waste,4929
2016,Recycle,R-Paper,Green Waste,1767
2016,Recycle,R-Plastic,Green Waste,276
2016,Recycle,R-Cardboard,Green Waste,1474
2016,Recycle,R-Mixed recycling,Green Waste,334
2016,Recycle,R-Mixed recycling,Mission Trail,209
2016,Recycle,R-Mixed recycling,Mission Trail,208
2016,Recycle,R-Mixed recycling,Mission Trail,107
2016,Recycle,R-Mixed recycling,Mission Trail,208
2016,Recycle,R-Mixed recycling,Mission Trail,309
2016,Recycle,R-Mixed recycling,Mission Trail,1109
2016,Recycle,R-Mixed recycling,Mission Trail,1109
2016,Recycle,R-Mixed recycling,Mission Trail,1109
2016,Recycle,R-Mixed recycling,Mission Trail,1109
2016,Recycle,R-Mixed recycling,Mission Trail,1109
2016,Recycle,R-E-waste,ECS Refining,1276
2016,Recycle,R-Mixed recycling,Mission Trail,317
2016,Reuse,D-Food Recovery Network,Food Recovery Network,338
2016,Reuse,D-Food Recovery Network,Food Recovery Network,1063
2016,Reuse,D-Food Recovery Network,Food Recovery Network,556
2016,Reuse,D-Food Recovery Network,Food Recovery Network,1221
2016,Reuse,D-Food Recovery Network,Food Recovery Network,1582
2016,Reuse,D-Food Recovery Network,Food Recovery Network,1643
2016,Reuse,D-Food Recovery Network,Food Recovery Network,823
2016,Reuse,D-Donations,Others,308
2016,Reuse,D-Food Recovery Network,Food Recovery Network,1630
2016,Reuse,D-Food Recovery Network,Food Recovery Network,1380
2016,Reuse,D-Food Recovery Network,Food Recovery Network,288
2016,Reuse,D-Food Recovery Network,Food Recovery Network,1582
2016,Reuse,D-Food Recovery Network,Food Recovery Network,2542
2016,Reuse,D-Swap For Good,Others,1630
2017,Compost,C-Yardwaste,Mission Trail,1265
2017,Compost,C-Yardwaste,Mission Trail,1451
2017,Compost,C-Yardwaste,Mission Trail,579
2017,Compost,C-Yardwaste,Mission Trail,579
2017,Compost,C-Yardwaste,Mission Trail,579
2017,Compost,C-Yardwaste,Mission Trail,579
2017,Compost,C-Organics,Mission Trail,765
2017,Compost,C-Foodscraps,Mission Trail,741
2017,Compost,C-Organics,Mission Trail,765
2017,Compost,C-Yardwaste,Mission Trail,579
2017,Compost,C-Yardwaste,Mission Trail,579
2017,Compost,C-Yardwaste,Mission Trail,579
2017,Compost,C-Yardwaste,Mission Trail,579
2017,Compost,C-Organics,Mission Trail,765
2017,Compost,C-Foodscraps,Mission Trail,741
2017,Compost,C-Yardwaste,Mission Trail,561
2017,Compost,C-Yardwaste,Mission Trail,561
2017,Compost,C-Yardwaste,Mission Trail,561
2017,Compost,C-Yardwaste,Mission Trail,561
2017,Compost,C-Yardwaste,Mission Trail,1037
2017,Compost,C-Yardwaste,Mission Trail,908
2017,Compost,C-Foodscraps,Mission Trail,741
2017,Compost,C-Yardwaste,Mission Trail,579
2017,Compost,C-Foodscraps,Mission Trail,741
2017,Compost,C-Organics,Mission Trail,765
2017,Compost,C-Yardwaste,Mission Trail,579
2017,Compost,C-Yardwaste,Mission Trail,579
2017,Compost,C-Yardwaste,Mission Trail,579
2017,Compost,C-Yardwaste,Mission Trail,579
2017,Compost,C-Foodscraps,Mission Trail,741
2017,Compost,C-Yardwaste,Mission Trail,953
2017,Compost,C-Yardwaste,Mission Trail,1588
2017,Compost,C-Yardwaste,Mission Trail,1465
2017,Compost,C-Yardwaste,Mission Trail,1140
2017,Compost,C-Organics,Mission Trail,765
2017,Compost,C-Yardwaste,Mission Trail,579
2017,Compost,C-Foodscraps,Mission Trail,741
2017,Compost,C-Yardwaste,Mission Trail,888
2017,Compost,C-Yardwaste,Mission Trail,906
2017,Compost,C-Foodscraps,Mission Trail,1483
2017,Landfill,L-Landfill,Mission Trail,154
2017,Landfill,L-Landfill,Mission Trail,154
2017,Landfill,L-Landfill,Mission Trail,1630
2017,Landfill,L-Landfill,Mission Trail,1630
2017,Landfill,L-Landfill,Mission Trail,1630
2017,Landfill,L-Landfill,Mission Trail,298
2017,Landfill,L-Landfill,Mission Trail,298
2017,Landfill,L-Landfill,Mission Trail,154
2017,Landfill,L-Landfill,Mission Trail,1630
2017,Landfill,L-Landfill,Mission Trail,1630
2017,Landfill,L-Landfill,Mission Trail,1630
2017,Landfill,L-Landfill,Mission Trail,1630
2017,Landfill,L-Landfill,Mission Trail,1630
2017,Landfill,L-Landfill,Mission Trail,298
2017,Landfill,L-Landfill,Mission Trail,443
2017,Landfill,L-Landfill,Mission Trail,154
2017,Landfill,L-Landfill,Mission Trail,1630
2017,Landfill,L-Landfill,Mission Trail,1630
2017,Landfill,L-Landfill,Mission Trail,1630
2017,Landfill,L-Landfill,Mission Trail,1630
2017,Landfill,L-Landfill,Mission Trail,1630
2017,Landfill,L-Landfill,Mission Trail,1630
2017,Landfill,L-Landfill,Mission Trail,1630
2017,Landfill,L-Landfill,Mission Trail,1630
2017,Landfill,L-Landfill,Mission Trail,154
2017,Landfill,L-Landfill,Mission Trail,1630
2017,Landfill,L-Landfill,Mission Trail,1630
2017,Landfill,L-Landfill,Mission Trail,1630
2017,Landfill,L-Landfill,Mission Trail,1630
2017,Landfill,L-Landfill,Mission Trail,1630
2017,Landfill,L-Landfill,Mission Trail,1630
2017,Landfill,L-Landfill,Mission Trail,298
2017,Landfill,L-Landfill,Mission Trail,154
2017,Landfill,L-Landfill,Mission Trail,154
2017,Landfill,L-Landfill,Mission Trail,1630
2017,Landfill,L-Landfill,Mission Trail,1630
2017,Landfill,L-Landfill,Mission Trail,1630
2017,Landfill,L-Landfill,Mission Trail,1630
2017,Landfill,L-Landfill,Mission Trail,1630
2017,Landfill,L-Landfill,Mission Trail,298
2017,Landfill,L-Landfill,Mission Trail,583
2017,Landfill,L-Landfill,Mission Trail,443
2017,Landfill,L- Recycling Residual,Caraustar,741
2017,Landfill,L-Landfill,Mission Trail,154
2017,Landfill,L-Landfill,Mission Trail,154
2017,Landfill,L-Landfill,Mission Trail,1016
2017,Landfill,L-Landfill,Mission Trail,1016
2017,Landfill,L-Landfill,Mission Trail,1016
2017,Landfill,L-Landfill,Mission Trail,1016
2017,Landfill,L-Landfill,Mission Trail,1016
2017,Landfill,L-Landfill,Mission Trail,1630
2017,Landfill,L-Landfill,Mission Trail,1630
2017,Landfill,L-Landfill,Mission Trail,1630
2017,Landfill,L-Landfill,Mission Trail,298
2017,Landfill,L-Landfill,Mission Trail,583
2017,Landfill,L-Landfill,Mission Trail,443
2017,Landfill,L- Recycling Residual,Caraustar,579
2017,Landfill,L-Landfill,Mission Trail,1687
2017,Landfill,L-Landfill,Mission Trail,1630
2017,Landfill,L- Recycling Residual,Caraustar,443
2017,Landfill,L-Landfill,Mission Trail,154
2017,Landfill,L-Landfill,Mission Trail,1687
2017,Landfill,L-Landfill,Mission Trail,1687
2017,Landfill,L-Landfill,Mission Trail,443
2017,Landfill,L- Recycling Residual,Caraustar,1199
2017,Landfill,L-Landfill,Mission Trail,1687
2017,Landfill,L-Landfill,Mission Trail,1687
2017,Landfill,L-Landfill,Mission Trail,1687
2017,Landfill,L-Landfill,Mission Trail,298
2017,Landfill,L-Landfill,Mission Trail,583
2017,Landfill,L- Recycling Residual,Caraustar,412
2017,Landfill,L-Landfill,Mission Trail,154
2017,Landfill,L-Landfill,Mission Trail,154
2017,Landfill,L-Landfill,Mission Trail,1687
2017,Landfill,L-Landfill,Mission Trail,1687
2017,Landfill,L-Landfill,Mission Trail,1687
2017,Landfill,L-Landfill,Mission Trail,1687
2017,Landfill,L-Landfill,Mission Trail,1687
2017,Landfill,L-Landfill,Mission Trail,1687
2017,Landfill,L-Landfill,Mission Trail,288
2017,Landfill,L- Recycling Residual,Caraustar,1630
2017,Landfill,L-Landfill,Mission Trail,154
2017,Landfill,L-Landfill,Mission Trail,1687
2017,Landfill,L-Landfill,Mission Trail,1687
2017,Landfill,L-Landfill,Mission Trail,1687
2017,Landfill,L-Landfill,Mission Trail,1687
2017,Landfill,L-Landfill,Mission Trail,1687
2017,Landfill,L-Landfill,Mission Trail,298
2017,Landfill,L-Landfill,Mission Trail,443
2017,Landfill,L- Recycling Residual,Caraustar,2596
2017,Landfill,L-Landfill,Mission Trail,288
2017,Landfill,L-Landfill,Mission Trail,1265
2017,Landfill,L-Landfill,Mission Trail,1265
2017,Landfill,L-Landfill,Mission Trail,154
2017,Landfill,L-Landfill,Mission Trail,583
2017,Landfill,L-Landfill,Mission Trail,443
2017,Landfill,L- Recycling Residual,Caraustar,1630
2017,Recycle,R-E-waste,ECS Refining,1052
2017,Recycle,R-Mixed recycling,Mission Trail,1430
2017,Recycle,R-Mixed recycling,Mission Trail,480
2017,Recycle,R-Mixed recycling,Mission Trail,167
2017,Recycle,R-Mixed recycling,Caraustar,1286
2017,Recycle,R-Mixed recycling,Caraustar,1300
2017,Recycle,R-Mixed recycling,Caraustar,110
2017,Recycle,R-Mixed recycling,Caraustar,1619
2017,Recycle,R-Mixed recycling,Caraustar,122
2017,Recycle,R-Mixed recycling,Caraustar,1476
2017,Recycle,R-Mixed recycling,Caraustar,1265
2017,Recycle,R-Mixed recycling,Caraustar,1687
2017,Recycle,R-Confidential shredding,Corodata,1052
2017,Recycle,R-E-waste,ECS Refining,1630
2017,Recycle,R-E-waste,ECS Refining,1269
2017,Recycle,R-Mixed recycling,Mission Trail,220
2017,Recycle,R-Mixed recycling,Mission Trail,431
2017,Recycle,R-Mixed recycling,Mission Trail,328
2017,Recycle,R-Mixed recycling,Mission Trail,220
2017,Recycle,R-Mixed recycling,Mission Trail,328
2017,Recycle,R-Mixed recycling,Mission Trail,986
2017,Recycle,R-Mixed recycling,Mission Trail,1451
2017,Recycle,R-E-waste,ECS Refining,1037
2017,Recycle,R-Mixed recycling,Mission Trail,148
2017,Recycle,R-Mixed recycling,Mission Trail,1452
2017,Recycle,R-E-waste,ECS Refining,4929
2017,Recycle,R-Mixed recycling,Caraustar,1467
2017,Recycle,R-Mixed recycling,Caraustar,2735
2017,Recycle,R-Mixed recycling,Caraustar,1115
2017,Recycle,R-Mixed recycling,Caraustar,1477
2017,Recycle,R-Mixed recycling,Caraustar,1371
2017,Recycle,R-Mixed recycling,Caraustar,1344
2017,Recycle,R-Confidential shredding,Corodata,1802
2017,Recycle,R-Mixed recycling,Mission Trail,956
2017,Recycle,R-Mixed recycling,Mission Trail,1141
2017,Recycle,R-Mixed recycling,Mission Trail,1643
2017,Recycle,R-Confidential shredding,Corodata,1603
2017,Recycle,R-Mixed recycling,Mission Trail,220
2017,Recycle,R-Mixed recycling,Mission Trail,431
2017,Recycle,R-Mixed recycling,Mission Trail,114
2017,Recycle,R-E-waste,ECS Refining,154
2017,Recycle,R-Confidential shredding,Corodata,905
2017,Recycle,R-Mixed recycling,Mission Trail,220
2017,Recycle,R-Mixed recycling,Mission Trail,431
2017,Recycle,R-Mixed recycling,Mission Trail,328
2017,Recycle,R-Confidential shredding,Corodata,771
2017,Recycle,R-Mixed recycling,Mission Trail,220
2017,Recycle,R-Mixed recycling,Mission Trail,431
2017,Recycle,R-Mixed recycling,Mission Trail,328
2017,Recycle,R-E-waste,ECS Refining,1371
2017,Recycle,R-Confidential shredding,Corodata,1303
2017,Recycle,R-Confidential shredding,Corodata,1625
2017,Recycle,R-Confidential shredding,Corodata,633
2017,Recycle,R-Mixed recycling,Mission Trail,213
2017,Recycle,R-Mixed recycling,Mission Trail,317
2017,Recycle,R-Cardboard,Caraustar,241
2017,Recycle,R-Paper,Caraustar,1371
2017,Recycle,R-Glass,Caraustar,1652
2017,Recycle,R-Plastic,Caraustar,1599
2017,Recycle,R-Plastic,Caraustar,1291
2017,Recycle,R-Metal,Caraustar,1618
2017,Recycle,R-Metal,Caraustar,973
2017,Recycle,R-Plastic,Caraustar,213
2017,Recycle,R-Cardboard,Caraustar,227
2017,Recycle,R-Paper,Caraustar,1287
2017,Recycle,R-Glass,Caraustar,997
2017,Recycle,R-Plastic,Caraustar,829
2017,Recycle,R-Plastic,Caraustar,1292
2017,Recycle,R-Metal,Caraustar,989
2017,Recycle,R-Metal,Caraustar,1104
2017,Recycle,R-Plastic,Caraustar,49
2017,Recycle,R-Cardboard,Caraustar,583
2017,Recycle,R-Paper,Caraustar,1369
2017,Recycle,R-Glass,Caraustar,1630
2017,Recycle,R-Plastic,Caraustar,1356
2017,Recycle,R-Plastic,Caraustar,995
2017,Recycle,R-Metal,Caraustar,1371
2017,Recycle,R-Metal,Caraustar,298
2017,Recycle,R-Plastic,Caraustar,924
2017,Recycle,R-Cardboard,Caraustar,1464
2017,Recycle,R-Paper,Caraustar,537
2017,Recycle,R-Glass,Caraustar,227
2017,Recycle,R-Plastic,Caraustar,1176
2017,Recycle,R-Plastic,Caraustar,1052
2017,Recycle,R-Metal,Caraustar,1174
2017,Recycle,R-Metal,Caraustar,3434
2017,Recycle,R-Plastic,Caraustar,1355
2017,Recycle,R-Cardboard,Caraustar,1058
2017,Recycle,R-Paper,Caraustar,1652
2017,Recycle,R-Glass,Caraustar,1212
2017,Recycle,R-Plastic,Caraustar,1575
2017,Recycle,R-Plastic,Caraustar,1451
2017,Recycle,R-Metal,Caraustar,1687
2017,Recycle,R-Metal,Caraustar,1109
2017,Recycle,R-Plastic,Caraustar,1632
2017,Recycle,R-Cardboard,Caraustar,1585
2017,Recycle,R-Paper,Caraustar,583
2017,Recycle,R-Glass,Caraustar,463
2017,Recycle,R-Plastic,Caraustar,1298
2017,Recycle,R-Plastic,Caraustar,328
2017,Recycle,R-Metal,Caraustar,6515
2017,Recycle,R-Metal,Caraustar,2415
2017,Recycle,R-Plastic,Caraustar,1472
2017,Recycle,R-Cardboard,Caraustar,1499
2017,Recycle,R-Paper,Caraustar,463
2017,Recycle,R-Glass,Caraustar,1630
2017,Recycle,R-Plastic,Caraustar,1048
2017,Recycle,R-Plastic,Caraustar,1465
2017,Recycle,R-Metal,Caraustar,1173
2017,Recycle,R-Metal,Caraustar,916
2017,Recycle,R-Plastic,Caraustar,561
2017,Recycle,R-E-waste,ECS Refining,1265
2017,Recycle,R-Mixed recycling,Mission Trail,220
2017,Recycle,R-Mixed recycling,Mission Trail,431
2017,Recycle,R-Confidential shredding,Corodata,771
2017,Recycle,R-Confidential shredding,Corodata,904
2017,Recycle,R-Confidential shredding,Corodata,749
2017,Recycle,R-Confidential shredding,Corodata,697
2017,Recycle,R-Cardboard,Caraustar,1371
2017,Recycle,R-Paper,Caraustar,989
2017,Recycle,R-Glass,Caraustar,508
2017,Recycle,R-Plastic,Caraustar,583
2017,Recycle,R-Plastic,Caraustar,1076
2017,Recycle,R-Metal,Caraustar,352
2017,Recycle,R-Metal,Caraustar,49
2017,Recycle,R-Plastic,Caraustar,1417
2017,Recycle,R-Mixed recycling,Others,1371
2017,Recycle,R-Metal,Sims,1451
2017,Recycle,R-Metal,Sims,1354
2017,Recycle,R-Metal,Sims,1087
2017,Recycle,R-Metal,Sims,1239
2017,Recycle,R-Metal,Sims,445
2017,Reuse,D-Food Recovery Network,Food Recovery Network,1052
2017,Reuse,D-Food Recovery Network,Food Recovery Network,328
2017,Reuse,D-Food Recovery Network,Food Recovery Network,323
2017,Reuse,D-Food Recovery Network,Food Recovery Network,958
2017,Reuse,D-Food Recovery Network,Food Recovery Network,1451
2017,Reuse,D-Food Recovery Network,Food Recovery Network,1173
2017,Reuse,D-Food Recovery Network,Food Recovery Network,1011
2017,Reuse,D-Food Recovery Network,Food Recovery Network,298
2017,Reuse,D-Food Recovery Network,Food Recovery Network,1546
2017,Reuse,D-Food Recovery Network,Food Recovery Network,1404
2017,Reuse,D-Food Recovery Network,Food Recovery Network,1419
2017,Reuse,D-Food Recovery Network,Food Recovery Network,1024
2017,Reuse,D-Donations,Others,6515
2017,Reuse,D-Donations,Others,49
2017,Reuse,D-Donations,Others,1413
2017,Reuse,D-Swap For Good,Others,480
2018,Reuse,D-Food Recovery Network,Food Recovery Network,211
2018,Compost,C-Yardwaste,Mission Trail,899
2018,Compost,C-Yardwaste,Mission Trail,961
2018,Compost,C-Yardwaste,Mission Trail,889
2018,Landfill,L-Landfill,Mission Trail,154
2018,Landfill,L-Landfill,Mission Trail,154
2018,Landfill,L-Landfill,Mission Trail,1265
2018,Landfill,L-Landfill,Mission Trail,1265
2018,Landfill,L-Landfill,Mission Trail,1265
2018,Landfill,L-Landfill,Mission Trail,1265
2018,Landfill,L-Landfill,Mission Trail,1265
2018,Landfill,L-Landfill,Mission Trail,1265
2018,Landfill,L-Landfill,Mission Trail,1265
2018,Compost,C-Foodscraps,Mission Trail,1483
2018,Compost,C-Organics,Mission Trail,4592
2018,Landfill,L-Landfill,Mission Trail,298
2018,Landfill,L-Landfill,Mission Trail,583
2018,Recycle,R-Mixed recycling,Mission Trail,114
2018,Landfill,L-Landfill,Mission Trail,443
2018,Compost,C-Yardwaste,Mission Trail,988
2018,Compost,C-Foodscraps,Mission Trail,1486
2018,Compost,C-Organics,Mission Trail,4592
2018,Landfill,L-Landfill,Mission Trail,154
2018,Landfill,L-Landfill,Mission Trail,1265
2018,Landfill,L-Landfill,Mission Trail,1265
2018,Landfill,L-Landfill,Mission Trail,1265
2018,Recycle,R-Confidential shredding,Corodata,878
2018,Landfill,L-Landfill,Mission Trail,1265
2018,Landfill,L-Landfill,Mission Trail,1052
2018,Landfill,L-Landfill,Mission Trail,1052
2018,Reuse,D-Donations,Others,0
2018,Recycle,R-Confidential shredding,Corodata,752
2018,Recycle,R-Mixed recycling,Mission Trail,220
2018,Recycle,R-Mixed recycling,Mission Trail,114
2018,Reuse,D-Food Recovery Network,Food Recovery Network,443
2018,Recycle,R-Construction & Demolition,ECS Refining,5627
2018,Recycle,R-Construction & Demolition,ECS Refining,792
2018,Compost,C-Yardwaste,Mission Trail,873
2018,Compost,C-Yardwaste,Mission Trail,958
2018,Compost,C-Yardwaste,Mission Trail,1296
2018,Compost,C-Yardwaste,Mission Trail,1291
2018,Compost,C-Foodscraps,Mission Trail,1483
2018,Compost,C-Yardwaste,Mission Trail,782
2018,Compost,C-Organics,Mission Trail,588
2018,Compost,C-Organics,Mission Trail,614
2018,Landfill,L-Landfill,Mission Trail,308
2018,Landfill,L-Landfill,Mission Trail,1265
2018,Landfill,L-Landfill,Mission Trail,1265
2018,Landfill,L-Landfill,Mission Trail,1265
2018,Landfill,L-Landfill,Mission Trail,1265
2018,Landfill,L-Landfill,Mission Trail,1265
2018,Landfill,L-Landfill,Mission Trail,1265
2018,Landfill,L-Landfill,Mission Trail,583
2018,Recycle,R-Mixed recycling,Mission Trail,114
2018,Recycle,R-Mixed recycling,Mission Trail,328
2018,Recycle,R-Confidential shredding,Corodata,718
2018,Recycle,R-Confidential shredding,Corodata,1541
2018,Compost,C-Yardwaste,Mission Trail,1029
2018,Compost,C-Yardwaste,Mission Trail,1084
2018,Landfill,L-Landfill,Mission Trail,154
2018,Landfill,L-Landfill,Mission Trail,1265
2018,Compost,C-Foodscraps,Mission Trail,1483
2018,Recycle,R-Construction & Demolition,Others,1016
2018,Landfill,L-Construction & Demolition,Others,1338
2018,Recycle,R-Construction & Demolition,Others,342
2018,Landfill,L-Construction & Demolition,Others,2723
2018,Landfill,L-Landfill,Mission Trail,154
2018,Landfill,L-Landfill,Mission Trail,154
2018,Landfill,L-Landfill,Mission Trail,1265
2018,Landfill,L-Landfill,Mission Trail,1265
2018,Recycle,R-Confidential shredding,Corodata,747
2018,Landfill,L-Landfill,Mission Trail,1265
2018,Landfill,L-Landfill,Mission Trail,1265
2018,Landfill,L-Landfill,Mission Trail,583
2018,Recycle,R-Construction & Demolition,Sims,1554
2018,Recycle,R-Construction & Demolition,Sims,117
2018,Recycle,R-Construction & Demolition,Sims,287
2018,Recycle,R-Construction & Demolition,Sims,190
2018,Recycle,R-Construction & Demolition,Sims,241
2018,Recycle,R-Construction & Demolition,Sims,136
2018,Recycle,R-Construction & Demolition,Sims,352
2018,Recycle,R-Confidential shredding,Corodata,1092
2018,Recycle,R-Mixed recycling,Mission Trail,114
2018,Landfill,L-Landfill,Mission Trail,154
2018,Recycle,R-Mixed recycling,Mission Trail,1163
2018,Recycle,R-Mixed recycling,Mission Trail,1161
2018,Recycle,R-Mixed recycling,Mission Trail,1175
2018,Recycle,R-Mixed recycling,Mission Trail,1161
2018,Recycle,R-Mixed recycling,Mission Trail,1142
2018,Landfill,L-Landfill,Mission Trail,1265
2018,Landfill,L-Landfill,Mission Trail,1265
2018,Landfill,L-Landfill,Mission Trail,1265
2018,Landfill,L-Landfill,Mission Trail,1265
2018,Landfill,L-Landfill,Mission Trail,1265
2018,Landfill,L-Landfill,Mission Trail,1265
2018,Compost,C-Organics,Mission Trail,4592
2018,Recycle,R-Mixed recycling,Mission Trail,431
2018,Recycle,R-Mixed recycling,Mission Trail,114
2018,Recycle,R-Mixed recycling,Mission Trail,328
2018,Compost,C-Yardwaste,Mission Trail,1097
2018,Compost,C-Yardwaste,Mission Trail,1162
2018,Compost,C-Yardwaste,Mission Trail,840
2018,Compost,C-Yardwaste,Mission Trail,1036
2018,Landfill,L-Landfill,Mission Trail,1265
2018,Landfill,L-Landfill,Mission Trail,1265
2018,Landfill,L-Landfill,Mission Trail,1052
2018,Landfill,L-Landfill,Mission Trail,1052
2018,Landfill,L-Landfill,Mission Trail,1052
2018,Landfill,L-Landfill,Mission Trail,1052
2018,Landfill,L-Landfill,Mission Trail,1052
2018,Landfill,L-Landfill,Mission Trail,1052
2018,Landfill,L-Landfill,Mission Trail,1265
2018,Landfill,L-Landfill,Mission Trail,1052
2018,Landfill,L-Landfill,Mission Trail,1052
2018,Landfill,L-Landfill,Mission Trail,1052
2018,Landfill,L-Landfill,Mission Trail,1052
2018,Landfill,L-Landfill,Mission Trail,1265
2018,Landfill,L-Landfill,Mission Trail,1052
2018,Landfill,L-Landfill,Mission Trail,1265
2018,Landfill,L-Landfill,Mission Trail,1265
2018,Landfill,L-Landfill,Mission Trail,1265
2018,Landfill,L-Landfill,Mission Trail,167
2018,Landfill,L-Landfill,Mission Trail,167
2018,Recycle,R-Mixed recycling,Mission Trail,117
2018,Recycle,R-Mixed recycling,Mission Trail,1109
2018,Recycle,R-Mixed recycling,Mission Trail,1486
2018,Recycle,R-Mixed recycling,Mission Trail,1109
2018,Recycle,R-Mixed recycling,Mission Trail,1109
2018,Landfill,L-Landfill,Mission Trail,633
2018,Recycle,R-Mixed recycling,Mission Trail,445
2018,Recycle,R-Mixed recycling,Mission Trail,117
2018,Recycle,R-Mixed recycling,Mission Trail,338
2018,Compost,C-Yardwaste,Mission Trail,682
2018,Landfill,L-Landfill,Mission Trail,167
2018,Landfill,L-Landfill,Mission Trail,1371
2018,Landfill,L-Landfill,Mission Trail,1371
2018,Landfill,L-Landfill,Mission Trail,1371
2018,Recycle,R-Mixed recycling,Mission Trail,1182
2018,Recycle,R-Mixed recycling,Mission Trail,1182
2018,Compost,C-Foodscraps,Mission Trail,1483
2018,Compost,C-Organics,Mission Trail,4592
2018,Landfill,L-Landfill,Mission Trail,633
2018,Recycle,R-Mixed recycling,Mission Trail,445
2018,Recycle,R-Mixed recycling,Mission Trail,117
2018,Recycle,R-Mixed recycling,Mission Trail,338
2018,Reuse,D-Food Recovery Network,Food Recovery Network,1463
2018,Reuse,D-Food Recovery Network,Food Recovery Network,1265
2018,Reuse,D-Food Recovery Network,Food Recovery Network,1451
2018,Reuse,D-Food Recovery Network,Food Recovery Network,1109
2018,Reuse,D-Food Recovery Network,Food Recovery Network,1146
2018,Compost,C-Yardwaste,Mission Trail,975
2018,Compost,C-Yardwaste,Mission Trail,974
2018,Compost,C-Yardwaste,Mission Trail,1039
2018,Compost,C-Yardwaste,Mission Trail,924
2018,Landfill,L-Landfill,Mission Trail,167
2018,Landfill,L-Landfill,Mission Trail,1371
2018,Landfill,L-Landfill,Mission Trail,1371
2018,Landfill,L-Landfill,Mission Trail,1371
2018,Landfill,L-Landfill,Mission Trail,1371
2018,Landfill,L-Landfill,Mission Trail,167
2018,Recycle,R-Mixed recycling,Mission Trail,117
2018,Recycle,R-Mixed recycling,Mission Trail,1271
2018,Landfill,L-Landfill,Mission Trail,633
2018,Recycle,R-Mixed recycling,Mission Trail,445
2018,Recycle,R-Mixed recycling,Mission Trail,117
2018,Landfill,L-Landfill,Mission Trail,480
2018,Recycle,R-Mixed recycling,Mission Trail,338
2018,Recycle,R-Confidential shredding,Corodata,167
2018,Recycle,R-Confidential shredding,Corodata,1688
2018,Compost,C-Yardwaste,Mission Trail,1041
2018,Compost,C-Yardwaste,Mission Trail,1033
2018,Landfill,L-Landfill,Mission Trail,1371
2018,Landfill,L-Landfill,Mission Trail,1371
2018,Landfill,L-Landfill,Mission Trail,1371
2018,Landfill,L-Landfill,Mission Trail,1371
2018,Landfill,L-Landfill,Mission Trail,1371
2018,Landfill,L-Landfill,Mission Trail,1371
2018,Landfill,L-Construction & Demolition,Mission Trail,1371
2018,Landfill,L-Landfill,Mission Trail,1371
2018,Landfill,L-Landfill,Mission Trail,167
2018,Recycle,R-Mixed recycling,Mission Trail,117
2018,Recycle,R-Mixed recycling,Mission Trail,1182
2018,Recycle,R-Mixed recycling,Mission Trail,1253
2018,Landfill,L-Landfill,Mission Trail,323
2018,Recycle,R-Mixed recycling,Mission Trail,117
2018,Landfill,L-Landfill,Mission Trail,480
2018,Recycle,R-Mixed recycling,Mission Trail,338
2018,Landfill,L-Landfill,Mission Trail,633
2018,Recycle,R-Confidential shredding,Corodata,996
2018,Compost,C-Yardwaste,Mission Trail,1083
2018,Compost,C-Yardwaste,Mission Trail,1198
2018,Compost,C-Yardwaste,Mission Trail,1197
2018,Compost,C-Yardwaste,Mission Trail,997
2018,Compost,C-Yardwaste,Mission Trail,912
2018,Landfill,L-Landfill,Mission Trail,167
2018,Landfill,L-Landfill,Mission Trail,167
2018,Landfill,L-Landfill,Mission Trail,1371
2018,Landfill,L-Landfill,Mission Trail,1371
2018,Landfill,L-Landfill,Mission Trail,1371
2018,Landfill,L-Landfill,Mission Trail,1371
2018,Landfill,L-Landfill,Mission Trail,1371
2018,Landfill,L-Landfill,Mission Trail,1371
2018,Recycle,R-Mixed recycling,Mission Trail,1246
2018,Recycle,R-Mixed recycling,Mission Trail,1237
2018,Recycle,R-Mixed recycling,Mission Trail,1237
2018,Recycle,R-Mixed recycling,Mission Trail,1218
2018,Recycle,R-Mixed recycling,Mission Trail,1284
2018,Recycle,R-Mixed recycling,Mission Trail,1223
2018,Recycle,R-Mixed recycling,Mission Trail,1243
2018,Recycle,R-Mixed recycling,Mission Trail,227
2018,Recycle,R-Mixed recycling,Mission Trail,117
2018,Recycle,R-Mixed recycling,Mission Trail,338
2018,Recycle,R-Cardboard,Caraustar,1630
2018,Recycle,R-Paper,Caraustar,579
2018,Recycle,R-Glass,Caraustar,1286
2018,Recycle,R-Plastic,Caraustar,1265
2018,Recycle,R-Metal,Caraustar,1687
2018,Recycle,L- Recycling Residual,Caraustar,1371
2018,Recycle,R-Mixed recycling,Mission Trail,176
2018,Recycle,R-Mixed recycling,Mission Trail,1115
2018,Compost,C-Yardwaste,Mission Trail,971
2018,Compost,C-Yardwaste,Mission Trail,1065
2018,Compost,C-Yardwaste,Mission Trail,946
2018,Compost,C-Yardwaste,Mission Trail,1173
2018,Landfill,L-Landfill,Mission Trail,334
2018,Landfill,L-Landfill,Mission Trail,1371
2018,Landfill,L-Landfill,Mission Trail,1371
2018,Landfill,L-Landfill,Mission Trail,1371
2018,Landfill,L-Landfill,Mission Trail,1371
2018,Recycle,R-Mixed recycling,Mission Trail,117
2018,Recycle,R-Mixed recycling,Mission Trail,1213
2018,Recycle,R-Mixed recycling,Mission Trail,1246
2018,Recycle,R-Mixed recycling,Mission Trail,1287
2018,Recycle,R-Mixed recycling,Mission Trail,1214
2018,Recycle,R-Mixed recycling,Mission Trail,1214
2018,Recycle,R-Mixed recycling,Mission Trail,1200
2018,Compost,C-Foodscraps,Mission Trail,1483
2018,Compost,C-Organics,Mission Trail,4592
2018,Landfill,L-Landfill,Mission Trail,323
2018,Recycle,R-Mixed recycling,Mission Trail,227
2018,Landfill,L-Landfill,Mission Trail,633
2018,Recycle,R-Mixed recycling,Mission Trail,117
2018,Recycle,R-Mixed recycling,Mission Trail,338
2018,Compost,C-Yardwaste,Mission Trail,1075
2018,Compost,C-Yardwaste,Mission Trail,864
2018,Landfill,L-Landfill,Mission Trail,334
2018,Landfill,L-Landfill,Mission Trail,1371
2018,Landfill,L-Landfill,Mission Trail,1371
2018,Landfill,L-Landfill,Mission Trail,807
2018,Landfill,L-Landfill,Mission Trail,1371
2018,Landfill,L-Landfill,Mission Trail,1371
2018,Landfill,L-Landfill,Mission Trail,1371
2018,Recycle,R-Mixed recycling,Mission Trail,117
2018,Recycle,R-Mixed recycling,Mission Trail,1225
2018,Recycle,R-Mixed recycling,Mission Trail,1229
2018,Recycle,R-Mixed recycling,Mission Trail,1231
2018,Recycle,R-Mixed recycling,Mission Trail,1235
2018,Recycle,R-Mixed recycling,Mission Trail,1246
2018,Landfill,L-Landfill,Mission Trail,323
2018,Recycle,R-Mixed recycling,Mission Trail,227
2018,Landfill,L-Landfill,Mission Trail,633
2018,Recycle,R-Mixed recycling,Mission Trail,117
2018,Landfill,L-Landfill,Mission Trail,480
2018,Recycle,R-Mixed recycling,Caraustar,741
2018,Recycle,R-Mixed recycling,Caraustar,1582
2018,Recycle,R-Mixed recycling,Caraustar,154
2018,Recycle,R-Confidential shredding,Corodata,110
2018,Recycle,R-Confidential shredding,Corodata,950
2018,Reuse,D-Food Recovery Network,Food Recovery Network,1371
2018,Reuse,D-Food Recovery Network,Food Recovery Network,176
2018,Reuse,D-Food Recovery Network,Food Recovery Network,888
2018,Reuse,D-Food Recovery Network,Food Recovery Network,579
2018,Reuse,D-Food Recovery Network,Food Recovery Network,1182
2018,Recycle,R-Confidential shredding,Corodata,1182
2018,Recycle,R-E-waste,Others,71
2018,Reuse,D-Food Recovery Network,Food Recovery Network,1152
2018,Reuse,D-Food Recovery Network,Food Recovery Network,1460
2018,Reuse,D-Food Recovery Network,Food Recovery Network,1142
2018,Reuse,D-Food Recovery Network,Food Recovery Network,1232
2018,Reuse,D-Food Recovery Network,Food Recovery Network,1063
2018,Recycle,R-E-waste,Others,1311
2018,Recycle,R-E-waste,Others,1603
2018,Recycle,R-E-waste,Others,1257
2018,Landfill,L-Construction & Demolition,Others,428
2018,Recycle,R-Construction & Demolition,Others,1451
2018,Landfill,L-Construction & Demolition,Others,829
2018,Recycle,R-Construction & Demolition,Others,1371
2018,Landfill,L-Construction & Demolition,Others,1589
2018,Recycle,R-Construction & Demolition,Others,553
2018,Landfill,L-Construction & Demolition,Others,1083
2018,Recycle,R-Construction & Demolition,Others,1679
2018,Reuse,D-Donations,Others,1371
2018,Reuse,D-Donations,Others,1590
2018,Reuse,D-Donations,Others,5695
2018,Reuse,D-Donations,Others,1577
2018,Reuse,D-Donations,Others,1226
2018,Reuse,D-Swap For Good,Others,1687
2019,Compost,C-Yardwaste,Mission Trail,1035
2019,Compost,C-Yardwaste,Mission Trail,1061
2019,Compost,C-Yardwaste,Mission Trail,1078
2019,Reuse,D-Food Recovery Network,Food Recovery Network,2369
2019,Recycle,R-Confidential shredding,Corodata,1564
2019,Recycle,R-Mixed recycling,Mission Trail,445
2019,Recycle,R-Mixed recycling,Mission Trail,117
2019,Recycle,R-Mixed recycling,Mission Trail,338
2019,Recycle,R-Mixed recycling,Mission Trail,1241
2019,Recycle,R-Mixed recycling,Mission Trail,1240
2019,Recycle,R-Mixed recycling,Mission Trail,1241
2019,Recycle,R-Mixed recycling,Mission Trail,1241
2019,Reuse,D-Gleaning,Others,2722
2019,Reuse,D-Share Shelf,Others,35
2019,Compost,C-Yardwaste,Mission Trail,912
2019,Compost,C-Yardwaste,Mission Trail,858
2019,Compost,C-Yardwaste,Mission Trail,1031
2019,Compost,C-Yardwaste,Mission Trail,1036
2019,Reuse,D-Food Recovery Network,Food Recovery Network,1042
2019,Recycle,R-Mixed recycling,Mission Trail,236
2019,Recycle,R-Mixed recycling,Mission Trail,463
2019,Recycle,R-Mixed recycling,Mission Trail,122
2019,Recycle,R-Mixed recycling,Mission Trail,352
2019,Recycle,R-Confidential shredding,Corodata,982
2019,Recycle,R-Mixed recycling,Mission Trail,1290
2019,Recycle,R-Mixed recycling,Mission Trail,1286
2019,Recycle,R-Mixed recycling,Mission Trail,1295
2019,Recycle,R-Mixed recycling,Mission Trail,1285
2019,Compost,C-Organics,Mission Trail,4929
2019,Reuse,D-Food Recovery Network,Food Recovery Network,107
2019,Recycle,R-Confidential shredding,Corodata,415
2019,Recycle,R-E-waste,Others,1103
2019,Recycle,R-E-waste,Others,218
2019,Recycle,R-E-waste,Others,1502
2019,Recycle,R-Mixed recycling,Mission Trail,122
2019,Compost,C-Foodscraps,Mission Trail,1643
2019,Recycle,R-Mixed recycling,Mission Trail,236
2019,Recycle,R-Mixed recycling,Mission Trail,463
2019,Recycle,R-Mixed recycling,Mission Trail,122
2019,Recycle,R-Mixed recycling,Mission Trail,352
2019,Reuse,D-Gleaning,Others,822
2019,Compost,C-Yardwaste,Mission Trail,1175
2019,Compost,C-Yardwaste,Mission Trail,1298
2019,Compost,C-Yardwaste,Mission Trail,1249
2019,Compost,C-Yardwaste,Mission Trail,1002
2019,Recycle,R-Mixed recycling,Mission Trail,1266
2019,Recycle,R-Mixed recycling,Mission Trail,1287
2019,Landfill,L-Construction & Demolition,Others,1063
2019,Landfill,L-Construction & Demolition,Others,480
2019,Landfill,L-Construction & Demolition,Others,176
2019,Landfill,L-Landfill,Mission Trail,167
2019,Landfill,L-Landfill,Mission Trail,633
2019,Landfill,L-Landfill,Mission Trail,480
2019,Landfill,L-Landfill,Mission Trail,1371
2019,Landfill,L-Landfill,Mission Trail,1371
2019,Landfill,L-Landfill,Mission Trail,1371
2019,Landfill,L-Landfill,Mission Trail,1371
2019,Landfill,L-Landfill,Mission Trail,1371
2019,Landfill,L-Landfill,Mission Trail,1371
2019,Landfill,L-Landfill,Mission Trail,1371
2019,Landfill,L-Landfill,Mission Trail,1371
2019,Landfill,L-Landfill,Mission Trail,1371
2019,Landfill,L-Landfill,Mission Trail,1371
2019,Landfill,L-Landfill,Mission Trail,1371
2019,Landfill,L-Landfill,Mission Trail,167
2019,Landfill,L-Landfill,Mission Trail,323
2019,Landfill,L-Landfill,Mission Trail,480
2019,Landfill,L-Landfill,Mission Trail,1371
2019,Landfill,L-Landfill,Mission Trail,1371
2019,Landfill,L-Landfill,Mission Trail,1371
2019,Landfill,L-Landfill,Mission Trail,1371
2019,Landfill,L-Landfill,Mission Trail,167
2019,Landfill,L-Landfill,Mission Trail,1371
2019,Landfill,L-Landfill,Mission Trail,1371
2019,Landfill,L-Landfill,Mission Trail,1371
2019,Landfill,L-Landfill,Mission Trail,176
2019,Landfill,L-Landfill,Mission Trail,176
2019,Landfill,L-Landfill,Mission Trail,176
2019,Landfill,L-Landfill,Mission Trail,669
2019,Landfill,L-Landfill,Mission Trail,508
2019,Landfill,L-Landfill,Mission Trail,167
2019,Landfill,L-Landfill,Mission Trail,167
2019,Landfill,L-Landfill,Mission Trail,1140
2019,Landfill,L-Landfill,Mission Trail,1140
2019,Landfill,L-Landfill,Mission Trail,1140
2019,Landfill,L-Landfill,Mission Trail,1140
2019,Landfill,L-Landfill,Mission Trail,1140
2019,Landfill,L-Landfill,Mission Trail,1140
2019,Landfill,L-Landfill,Mission Trail,1140
2019,Landfill,L-Landfill,Mission Trail,1140
2019,Landfill,L-Landfill,Mission Trail,1140
2019,Landfill,L-Landfill,Mission Trail,1140
2019,Landfill,L-Landfill,Mission Trail,1140
2019,Landfill,L-Landfill,Mission Trail,1140
2019,Landfill,L-Landfill,Mission Trail,1140
2019,Landfill,L-Landfill,Mission Trail,1371
2019,Landfill,L-Landfill,Mission Trail,1371
2019,Landfill,L-Landfill,Mission Trail,1371
2019,Landfill,L-Landfill,Mission Trail,1371
2019,Landfill,L-Landfill,Mission Trail,1371
2019,Landfill,L-Landfill,Mission Trail,167
2019,Landfill,L-Landfill,Mission Trail,323
2019,Landfill,L-Landfill,Mission Trail,633
2019,Landfill,L-Landfill,Mission Trail,480
2019,Landfill,L-Landfill,Mission Trail,1371
2019,Landfill,L-Landfill,Mission Trail,1371
2019,Landfill,L-Landfill,Mission Trail,1371
2019,Landfill,L-Landfill,Mission Trail,1371
2019,Landfill,L-Landfill,Mission Trail,167
2019,Landfill,L-Landfill,Mission Trail,167
2019,Landfill,L-Landfill,Mission Trail,323
2019,Landfill,L-Landfill,Mission Trail,633
2019,Landfill,L-Landfill,Mission Trail,480
2019,Landfill,L-Landfill,Mission Trail,1371
2019,Landfill,L-Landfill,Mission Trail,1371
2019,Landfill,L-Landfill,Mission Trail,1371
2019,Landfill,L-Landfill,Mission Trail,1371
2019,Landfill,L-Landfill,Mission Trail,1371
2019,Landfill,L-Landfill,Mission Trail,1371
2019,Landfill,L-Landfill,Mission Trail,1371
2019,Compost,C-Foodscraps,Mission Trail,1483
2019,Compost,C-Organics,Mission Trail,4592
2019,Compost,C-Yardwaste,Mission Trail,995
2019,Compost,C-Yardwaste,Mission Trail,1003
2019,Reuse,D-Food Recovery Network,Food Recovery Network,1180
2019,Recycle,R-Confidential shredding,Corodata,1582
2019,Recycle,R-Construction & Demolition,Others,1202
2019,Recycle,R-Mixed recycling,Mission Trail,117
2019,Recycle,R-Mixed recycling,Mission Trail,227
2019,Recycle,R-Mixed recycling,Mission Trail,445
2019,Recycle,R-Mixed recycling,Mission Trail,338
2019,Recycle,R-Mixed recycling,Mission Trail,1244
2019,Recycle,R-Mixed recycling,Mission Trail,1247
2019,Recycle,R-Mixed recycling,Mission Trail,1219
2019,Reuse,D-Share Shelf,Others,84
2019,Compost,C-Yardwaste,Mission Trail,1037
2019,Compost,C-Yardwaste,Mission Trail,845
2019,Compost,C-Yardwaste,Mission Trail,1129
2019,Compost,C-Yardwaste,Mission Trail,1170
2019,Reuse,D-Food Recovery Network,Food Recovery Network,1371
2019,Recycle,R-Confidential shredding,Corodata,1052
2019,Recycle,R-Construction & Demolition,Others,1599
2019,Recycle,R-E-waste,Others,29
2019,Recycle,R-E-waste,Others,217
2019,Recycle,R-Mixed recycling,Mission Trail,1252
2019,Recycle,R-Mixed recycling,Mission Trail,1203
2019,Recycle,R-Mixed recycling,Mission Trail,1238
2019,Recycle,R-Mixed recycling,Mission Trail,1239
2019,Reuse,D-Share Shelf,Others,110
2019,Compost,C-Yardwaste,Mission Trail,1118
2019,Compost,C-Yardwaste,Mission Trail,1082
2019,Compost,C-Yardwaste,Mission Trail,1107
2019,Compost,C-Yardwaste,Mission Trail,1132
2019,Reuse,D-Food Recovery Network,Food Recovery Network,1240
2019,Recycle,R-Confidential shredding,Corodata,1231
2019,Recycle,R-E-waste,Others,793
2019,Recycle,R-E-waste,Others,341
2019,Recycle,R-Mixed recycling,Mission Trail,122
2019,Recycle,R-Mixed recycling,Mission Trail,236
2019,Recycle,R-Mixed recycling,Mission Trail,122
2019,Recycle,R-Mixed recycling,Mission Trail,352
2019,Compost,C-Foodscraps,Mission Trail,1643
2019,Recycle,R-Mixed recycling,Mission Trail,1296
2019,Recycle,R-Mixed recycling,Mission Trail,1279
2019,Reuse,D-Share Shelf,Others,214
2019,Compost,C-Foodscraps,Mission Trail,11643
2019,Compost,C-Yardwaste,Mission Trail,946
2019,Compost,C-Yardwaste,Mission Trail,1048
2019,Compost,C-Yardwaste,Mission Trail,4929
2019,Reuse,D-Food Recovery Network,Food Recovery Network,3115
2019,Recycle,R-Confidential shredding,Corodata,1052
2019,Recycle,R-E-waste,Others,816
2019,Recycle,R-E-waste,Others,1331
2019,Recycle,R-Mixed recycling,Mission Trail,1182
2019,Recycle,R-Mixed recycling,Mission Trail,1221
2019,Recycle,R-Mixed recycling,Mission Trail,1251
2019,Recycle,R-Mixed recycling,Mission Trail,1217
2019,Recycle,R-Mixed recycling,Mission Trail,1208
2019,Recycle,R-Mixed recycling,Mission Trail,1297
2019,Recycle,R-Mixed recycling,Mission Trail,1212
2019,Recycle,R-Mixed recycling,Mission Trail,1269
2019,Reuse,D-Donations,Others,1582
2019,Reuse,D-Donations,Others,1231
2019,Reuse,D-Donations,Others,996
2019,Reuse,D-Share Shelf,Others,47
2019,Compost,C-Foodscraps,Mission Trail,1483
2019,Compost,C-Yardwaste,Mission Trail,4592
2019,Compost,C-Yardwaste,Mission Trail,1257
2019,Compost,C-Yardwaste,Mission Trail,952
2019,Reuse,D-Food Recovery Network,Food Recovery Network,110
2019,Recycle,R-Confidential shredding,Corodata,1789
2019,Recycle,R-Construction & Demolition,Mission Trail,556
2019,Recycle,R-Construction & Demolition,Others,1371
2019,Landfill,L-Landfill,Mission Trail,176
2019,Landfill,L-Landfill,Mission Trail,176
2019,Landfill,L-Landfill,Mission Trail,1451
2019,Landfill,L-Landfill,Mission Trail,176
2019,Recycle,R-E-waste,Others,615
2019,Recycle,R-E-waste,Others,641
2019,Recycle,R-Mixed recycling,Mission Trail,117
2019,Recycle,R-Mixed recycling,Mission Trail,445
2019,Recycle,R-Mixed recycling,Mission Trail,117
2019,Recycle,R-Mixed recycling,Mission Trail,338
2019,Recycle,R-Mixed recycling,Mission Trail,1260
2019,Landfill,L-Landfill,Mission Trail,342
2019,Landfill,L-Landfill,Mission Trail,669
2019,Landfill,L-Landfill,Mission Trail,508
2019,Recycle,R-Mixed recycling,Mission Trail,1236
2019,Recycle,R-Mixed recycling,Mission Trail,1228
2019,Recycle,R-Mixed recycling,Mission Trail,1233
2019,Landfill,L-Landfill,Mission Trail,1451
2019,Recycle,R-Mixed recycling,Mission Trail,1239
2019,Recycle,R-Mixed recycling,Mission Trail,1234
2019,Reuse,D-Share Shelf,Others,306
2019,Compost,C-Foodscraps,Mission Trail,1483
2019,Compost,C-Yardwaste,Mission Trail,4592
2019,Compost,C-Yardwaste,Mission Trail,1031
2019,Compost,C-Yardwaste,Mission Trail,973
2019,Compost,C-Yardwaste,Mission Trail,1004
2019,Reuse,D-Food Recovery Network,Food Recovery Network,1596
2019,Recycle,R-Confidential shredding,Corodata,298
2019,Recycle,R-Mixed recycling,Mission Trail,117
2019,Landfill,L-Landfill,Mission Trail,176
2019,Landfill,L-Landfill,Mission Trail,176
2019,Landfill,L-Landfill,Mission Trail,1451
2019,Landfill,L-Landfill,Mission Trail,1451
2019,Landfill,L-Landfill,Mission Trail,176
2019,Recycle,R-Mixed recycling,Mission Trail,227
2019,Recycle,R-Mixed recycling,Mission Trail,117
2019,Recycle,R-Mixed recycling,Mission Trail,1240
2019,Recycle,R-Mixed recycling,Mission Trail,1238
2019,Recycle,R-Mixed recycling,Mission Trail,1231
2019,Recycle,R-Mixed recycling,Mission Trail,1241
2019,Recycle,R-Mixed recycling,Mission Trail,1238
2019,Recycle,R-Mixed recycling,Mission Trail,1232
2019,Reuse,D-Donations,Others,1288
2019,Landfill,L-Landfill,Mission Trail,669
2019,Reuse,D-Gleaning,Others,176
2019,Reuse,D-Swap For Good,Others,167
2019,Reuse,D-Food Recovery Network,Food Recovery Network,1172
2019,Recycle,R-Confidential shredding,Corodata,463
2019,Compost,C-Foodscraps,Mission Trail,1643
2019,Compost,C-Organics,Mission Trail,4929
2019,Landfill,L-Landfill,Mission Trail,176
2019,Landfill,L-Landfill,Mission Trail,1451
2019,Landfill,L-Landfill,Mission Trail,1451
2019,Landfill,L-Landfill,Mission Trail,1451
2019,Landfill,L-Landfill,Mission Trail,1451
2019,Landfill,L-Landfill,Mission Trail,1451
2019,Landfill,L-Landfill,Mission Trail,1451
2019,Recycle,R-Mixed recycling,Mission Trail,463
2019,Recycle,R-Mixed recycling,Mission Trail,122
2019,Recycle,R-Mixed recycling,Mission Trail,352
2019,Compost,C-Yardwaste,Mission Trail,1095
2019,Compost,C-Yardwaste,Mission Trail,1193
2019,Compost,C-Yardwaste,Mission Trail,1159
2019,Recycle,R-Mixed recycling,Mission Trail,1291
2019,Recycle,R-Mixed recycling,Mission Trail,1279
2019,Recycle,R-Mixed recycling,Mission Trail,1275
2019,Recycle,R-Mixed recycling,Mission Trail,1288
2019,Recycle,R-Mixed recycling,Mission Trail,1285
2019,Landfill,L-Landfill,Mission Trail,669
2019,Reuse,D-Gleaning,Others,1614
2019,Reuse,D-Food Recovery Network,Food Recovery Network,1604
2019,Recycle,R-Confidential shredding,Corodata,1082
2019,Recycle,R-Mixed recycling,Mission Trail,122
2019,Compost,C-Foodscraps,Mission Trail,1643
2019,Landfill,L-Landfill,Mission Trail,176
2019,Landfill,L-Landfill,Mission Trail,1451
2019,Landfill,L-Landfill,Mission Trail,1451
2019,Landfill,L-Landfill,Mission Trail,1451
2019,Landfill,L-Landfill,Mission Trail,176
2019,Compost,C-Organics,Mission Trail,4929
2019,Recycle,R-Mixed recycling,Mission Trail,236
2019,Recycle,R-Mixed recycling,Mission Trail,352
2019,Compost,C-Yardwaste,Mission Trail,1108
2019,Landfill,L-Landfill,Mission Trail,342
2019,Recycle,R-Mixed recycling,Mission Trail,1286
2019,Recycle,R-Mixed recycling,Mission Trail,1279
2019,Reuse,D-Gleaning,Others,1594
2019,Reuse,D-Food Recovery Network,Food Recovery Network,1449
2019,Recycle,R-Confidential shredding,Corodata,1265
2019,Recycle,R-Mixed recycling,Mission Trail,122
2019,Compost,C-Foodscraps,Mission Trail,1643
2019,Compost,C-Organics,Mission Trail,4929
2019,Recycle,R-Mixed recycling,Mission Trail,463
2019,Recycle,R-Mixed recycling,Mission Trail,122
2019,Recycle,R-Mixed recycling,Mission Trail,352
2019,Reuse,D-Donations,Others,1546
2019,Landfill,L-Landfill,Mission Trail,1451
2019,Landfill,L-Landfill,Mission Trail,1451
2019,Landfill,L-Landfill,Mission Trail,1451
2019,Landfill,L-Landfill,Mission Trail,1451
2019,Landfill,L-Landfill,Mission Trail,1451
2019,Compost,C-Yardwaste,Mission Trail,1188
2019,Compost,C-Yardwaste,Mission Trail,1028
2019,Compost,C-Yardwaste,Mission Trail,1124
2019,Recycle,R-Mixed recycling,Mission Trail,1287
2019,Recycle,R-Mixed recycling,Mission Trail,1314
2019,Recycle,R-Mixed recycling,Mission Trail,1269
2019,Recycle,R-Mixed recycling,Mission Trail,1657
2019,Recycle,R-Mixed recycling,Mission Trail,1317
2019,Recycle,R-Mixed recycling,Mission Trail,1279
2019,Reuse,D-Bronco Surplus,Others,1598
2019,Reuse,D-Share Shelf,Others,730
2019,Recycle,R-Metal,Sims,117
2019,Compost,C-Foodscraps,Mission Trail,1483
2020,Landfill,L-Landfill,Mission Trail,342
2020,Recycle,R-Mixed recycling,Mission Trail,463
2020,Recycle,R-Mixed recycling,Mission Trail,122
2020,Landfill,L-Landfill,Mission Trail,508
2020,Recycle,R-Mixed recycling,Mission Trail,352
2020,Reuse,D-Bronco Surplus,Others,211
2020,Recycle,R-Metal,Sims,203
2020,Compost,C-Yardwaste,Mission Trail,973
2020,Compost,C-Yardwaste,Mission Trail,1020
2020,Landfill,L-Landfill,Mission Trail,176
2020,Landfill,L-Landfill,Mission Trail,176
2020,Landfill,L-Landfill,Mission Trail,854
2020,Landfill,L-Landfill,Mission Trail,854
2020,Landfill,L-Landfill,Mission Trail,1451
2020,Landfill,L-Landfill,Mission Trail,1451
2020,Landfill,L-Landfill,Mission Trail,1451
2020,Landfill,L-Landfill,Mission Trail,176
2020,Recycle,R-Mixed recycling,Mission Trail,122
2020,Recycle,R-Mixed recycling,Mission Trail,1282
2020,Recycle,R-Mixed recycling,Mission Trail,1285
2020,Recycle,R-Mixed recycling,Mission Trail,1276
2020,Recycle,R-Mixed recycling,Mission Trail,1286
2020,Recycle,R-Mixed recycling,Mission Trail,1273
2020,Recycle,R-Mixed recycling,Mission Trail,1282
2020,Recycle,R-Mixed recycling,Mission Trail,1278
2020,Compost,C-Foodscraps,Mission Trail,1643
2020,Landfill,L-Landfill,Mission Trail,342
2020,Recycle,R-Mixed recycling,Mission Trail,463
2020,Landfill,L-Landfill,Mission Trail,669
2020,Landfill,L-Landfill,Mission Trail,508
2020,Recycle,R-Mixed recycling,Mission Trail,352
2020,Recycle,R-Confidential shredding,Corodata,946
2020,Recycle,R-Confidential shredding,Corodata,4929
2020,Compost,C-Yardwaste,Mission Trail,974
2020,Compost,C-Yardwaste,Mission Trail,1217
2020,Landfill,L-Landfill,Mission Trail,176
2020,Landfill,L-Landfill,Mission Trail,1451
2020,Landfill,L-Landfill,Mission Trail,1451
2020,Landfill,L-Landfill,Mission Trail,1451
2020,Landfill,L-Landfill,Mission Trail,1451
2020,Landfill,L-Landfill,Mission Trail,1451
2020,Recycle,R-Mixed recycling,Mission Trail,1283
2020,Recycle,R-Mixed recycling,Mission Trail,1285
2020,Recycle,R-Mixed recycling,Mission Trail,1276
2020,Recycle,R-Mixed recycling,Mission Trail,1279
2020,Recycle,R-Mixed recycling,Mission Trail,1310
2020,Recycle,R-Mixed recycling,Mission Trail,1285
2020,Compost,C-Foodscraps,Mission Trail,1643
2020,Compost,C-Yardwaste,Mission Trail,4929
2020,Landfill,L-Landfill,Mission Trail,342
2020,Recycle,R-Mixed recycling,Mission Trail,463
2020,Landfill,L-Landfill,Mission Trail,669
2020,Recycle,R-Mixed recycling,Mission Trail,122
2020,Landfill,L-Landfill,Mission Trail,508
2020,Compost,C-Yardwaste,Mission Trail,951
2020,Compost,C-Yardwaste,Mission Trail,883
2020,Landfill,L-Landfill,Mission Trail,176
2020,Landfill,L-Landfill,Mission Trail,176
2020,Landfill,L-Landfill,Mission Trail,1451
2020,Landfill,L-Landfill,Mission Trail,1451
2020,Landfill,L-Landfill,Mission Trail,1451
2020,Landfill,L-Landfill,Mission Trail,1451
2020,Landfill,L-Landfill,Mission Trail,1451
2020,Landfill,L-Landfill,Mission Trail,176
2020,Recycle,R-Mixed recycling,Mission Trail,122
2020,Recycle,R-Mixed recycling,Mission Trail,1260
2020,Recycle,R-Mixed recycling,Mission Trail,1300
2020,Recycle,R-Mixed recycling,Mission Trail,1298
2020,Recycle,R-Mixed recycling,Mission Trail,1252
2020,Recycle,R-Mixed recycling,Mission Trail,1281
2020,Recycle,R-Mixed recycling,Mission Trail,1285
2020,Compost,C-Foodscraps,Mission Trail,1643
2020,Recycle,R-Mixed recycling,Mission Trail,236
2020,Recycle,R-Mixed recycling,Mission Trail,122
2020,Recycle,R-Mixed recycling,Mission Trail,352
2020,Compost,C-Yardwaste,Mission Trail,942
2020,Landfill,L-Landfill,Mission Trail,176
2020,Landfill,L-Landfill,Mission Trail,176
2020,Landfill,L-Landfill,Mission Trail,1451
2020,Landfill,L-Landfill,Mission Trail,1451
2020,Landfill,L-Landfill,Mission Trail,1451
2020,Landfill,L-Landfill,Mission Trail,1451
2020,Compost,C-Foodscraps,Mission Trail,1643
2020,Compost,C-Yardwaste,Mission Trail,4929
2020,Compost,C-Yardwaste,Mission Trail,898
2020,Compost,C-Yardwaste,Mission Trail,866
2020,Compost,C-Yardwaste,Mission Trail,1166
2020,Compost,C-Yardwaste,Mission Trail,1136
2020,Compost,C-Yardwaste,Mission Trail,1019
2020,Landfill,L-Landfill,Mission Trail,176
2020,Landfill,L-Landfill,Mission Trail,176
2020,Landfill,L-Landfill,Mission Trail,1451
2020,Landfill,L-Landfill,Mission Trail,1451
2020,Compost,C-Yardwaste,Mission Trail,1150
2020,Compost,C-Yardwaste,Mission Trail,1145
2020,Compost,C-Yardwaste,Mission Trail,1051
2020,Compost,C-Yardwaste,Mission Trail,1110
2020,Compost,C-Yardwaste,Mission Trail,1041
2020,Landfill,L-Landfill,Mission Trail,217
2020,Landfill,L-Landfill,Mission Trail,2413
2020,Landfill,L-Landfill,Mission Trail,1451
2020,Landfill,L-Landfill,Mission Trail,1206
2020,Landfill,L-Landfill,Mission Trail,1451
2020,Landfill,L-Landfill,Mission Trail,1206
2020,Landfill,L-Landfill,Mission Trail,1451
2020,Landfill,L-Landfill,Mission Trail,1206
2020,Recycle,R-Mixed recycling,Mission Trail,1291
2020,Compost,C-Organics,Mission Trail,1582
2020,Compost,C-Foodscraps,Mission Trail,1163
2020,Compost,C-Yardwaste,Mission Trail,951
2020,Landfill,L-Landfill,Mission Trail,217
2020,Landfill,L-Landfill,Mission Trail,1221
2020,Recycle,R-Mixed recycling,Mission Trail,1187
2020,Compost,C-Organics,Mission Trail,888
2020,Compost,C-Foodscraps,Mission Trail,1444
2020,Compost,C-Yardwaste,Mission Trail,964
2020,Compost,C-Yardwaste,Mission Trail,947
2020,Compost,C-Yardwaste,Mission Trail,1093
2020,Landfill,L-Landfill,Mission Trail,217
2020,Landfill,L-Landfill,Mission Trail,1273
2020,Landfill,L-Landfill,Mission Trail,1126
2020,Recycle,R-Mixed recycling,Mission Trail,1199
2020,Compost,C-Organics,Mission Trail,154
2020,Compost,C-Foodscraps,Mission Trail,1371
2020,Compost,C-Yardwaste,Mission Trail,912
2020,Landfill,L-Landfill,Mission Trail,176
2020,Landfill,L-Landfill,Mission Trail,1451
2020,Landfill,L-Landfill,Mission Trail,1451
2020,Recycle,R-Mixed recycling,Mission Trail,1317
2020,Compost,C-Foodscraps,Mission Trail,1643
2020,Compost,C-Organics,Mission Trail,1083
2020,Compost,C-Yardwaste,Mission Trail,901
2020,Landfill,L-Landfill,Mission Trail,1044
2020,Landfill,L-Landfill,Mission Trail,1154
2020,Landfill,L-Landfill,Mission Trail,1087
2020,Landfill,L-Landfill,Mission Trail,1063
2020,Landfill,L-Landfill,Mission Trail,1116
2020,Recycle,R-Mixed recycling,Mission Trail,1176
2020,Compost,C-Yardwaste,Mission Trail,888
2020,Compost,C-Yardwaste,Mission Trail,896
2020,Landfill,L-Landfill,Mission Trail,1035
2020,Compost,C-Yardwaste,Mission Trail,876
2020,Compost,C-Yardwaste,Mission Trail,910
2020,Compost,C-Yardwaste,Mission Trail,939
2020,Compost,C-Organics,Mission Trail,918
2020,Landfill,L-Landfill,Mission Trail,1256
2020,Landfill,L-Landfill,Mission Trail,1204
2020,Landfill,L-Landfill,Mission Trail,1024
2020,Landfill,L-Landfill,Mission Trail,1057
2020,Recycle,R-Mixed recycling,Mission Trail,1194
2020,Landfill,L-Landfill,Mission Trail,1120
2020,Recycle,R-Metal,Sims,1440
2020,Recycle,R-Metal,Sims,1278
2020,Recycle,R-Metal,Sims,964
2020,Recycle,R-Construction & Demolition,Others,579
2021,Compost,C-Yardwaste,Mission Trail,829
2021,Compost,C-Yardwaste,Mission Trail,876
2021,Compost,C-Yardwaste,Mission Trail,896
2021,Landfill,L-Landfill,Mission Trail,1016
2021,Landfill,L-Landfill,Mission Trail,1037
2021,Landfill,L-Landfill,Mission Trail,1024
2021,Recycle,R-Mixed recycling,Mission Trail,1204
2021,Compost,C-Organics,Mission Trail,2700
2021,Compost,C-Yardwaste,Mission Trail,998
2021,Compost,C-Yardwaste,Mission Trail,896
2021,Compost,C-Yardwaste,Mission Trail,892
2021,Compost,C-Yardwaste,Mission Trail,906
2021,Landfill,L-Landfill,Mission Trail,1213
2021,Landfill,L-Landfill,Mission Trail,1097
2021,Landfill,L-Landfill,Mission Trail,1049
2021,Recycle,R-Mixed recycling,Mission Trail,1202
2021,Landfill,L-Landfill,Mission Trail,435
2021,Compost,C-Foodscraps,Mission Trail,1643
2021,Compost,C-Organics,Mission Trail,4929
2021,Compost,C-Yardwaste,Mission Trail,1115
2021,Compost,C-Yardwaste,Mission Trail,864
2021,Landfill,L-Landfill,Mission Trail,1087
2021,Landfill,L-Landfill,Mission Trail,1173
2021,Landfill,L-Landfill,Mission Trail,1198
2021,Landfill,L-Landfill,Mission Trail,435
2021,Compost,C-Foodscraps,Mission Trail,1071
2021,Compost,C-Organics,Mission Trail,3214
2021,Compost,C-Yardwaste,Mission Trail,1011
2021,Landfill,L-Landfill,Mission Trail,1166
2021,Landfill,L-Landfill,Mission Trail,1249
2021,Recycle,R-Mixed recycling,Mission Trail,1142
2021,Recycle,R-Mixed recycling,Mission Trail,1136
2021,Compost,C-Yardwaste,Mission Trail,911
2021,Landfill,L-Landfill,Mission Trail,926
2021,Landfill,L-Landfill,Mission Trail,957
2021,Landfill,L-Landfill,Mission Trail,1193
2021,Landfill,L-Landfill,Mission Trail,1275
2021,Recycle,R-Mixed recycling,Mission Trail,1135
2021,Recycle,R-Mixed recycling,Mission Trail,1145
2021,Recycle,R-Mixed recycling,Mission Trail,1153
2021,Recycle,R-Mixed recycling,Mission Trail,1145
2021,Compost,C-Yardwaste,Mission Trail,917
2021,Compost,C-Yardwaste,Mission Trail,1002
2021,Compost,C-Yardwaste,Mission Trail,1016
2021,Landfill,L-Landfill,Mission Trail,1275
2021,Landfill,L-Landfill,Mission Trail,1309
2021,Recycle,R-Mixed recycling,Mission Trail,1467
2021,Compost,C-Yardwaste,Mission Trail,1022
2021,Landfill,L-Landfill,Mission Trail,1352
2021,Landfill,L-Landfill,Mission Trail,1303
2021,Recycle,R-Mixed recycling,Mission Trail,1499
2021,Compost,C-Yardwaste,Mission Trail,915
2021,Compost,C-Yardwaste,Mission Trail,977
2021,Compost,C-Yardwaste,Mission Trail,975
2021,Compost,C-Yardwaste,Mission Trail,943
2021,Landfill,L-Landfill,Mission Trail,1399
2021,Landfill,L-Landfill,Mission Trail,1430
2021,Landfill,L-Landfill,Mission Trail,1477
2021,Landfill,L-Landfill,Mission Trail,1486
2021,Landfill,L-Landfill,Mission Trail,1466
2021,Landfill,L-Landfill,Mission Trail,1443
2021,Recycle,R-Mixed recycling,Mission Trail,1465
2021,Recycle,R-Mixed recycling,Mission Trail,1495
2021,Recycle,R-Mixed recycling,Mission Trail,1517
2021,Recycle,R-Mixed recycling,Mission Trail,1492
2021,Compost,C-Foodscraps,Mission Trail,1114
2021,Recycle,R-Mixed recycling,Mission Trail,141
2021,Compost,C-Foodscraps,Mission Trail,2723
2021,Compost,C-Yardwaste,Mission Trail,928
2021,Compost,C-Yardwaste,Mission Trail,940
2021,Compost,C-Yardwaste,Mission Trail,982
2021,Landfill,L-Landfill,Mission Trail,1457
2021,Landfill,L-Landfill,Mission Trail,1482
2021,Landfill,L-Landfill,Mission Trail,1467
2021,Landfill,L-Landfill,Mission Trail,1478
2021,Landfill,L-Landfill,Mission Trail,1452
2021,Recycle,R-Mixed recycling,Mission Trail,1469
2021,Recycle,R-Mixed recycling,Mission Trail,1461
2021,Recycle,R-Mixed recycling,Mission Trail,1470
2021,Recycle,R-Mixed recycling,Mission Trail,1465
2021,Landfill,L-Landfill,Mission Trail,537
2021,Landfill,L-Landfill,Mission Trail,268
2021,Recycle,R-Mixed recycling,Mission Trail,141
2021,Recycle,R-Metal,Sims,1279
2021,Recycle,R-Metal,Sims,1109
2021,Recycle,R-Metal,Sims,765
2021,Recycle,R-Metal,Sims,1451
2021,Recycle,R-Metal,Sims,49
2021,Recycle,R-E-waste,ECS Refining,1451
2021,Recycle,R-E-waste,ECS Refining,1617
2021,Recycle,R-E-waste,ECS Refining,308
2021,Recycle,R-E-waste,ECS Refining,5627
2021,Recycle,R-E-waste,ECS Refining,1405
2021,Recycle,R-E-waste,ECS Refining,1579
2021,Recycle,R-E-waste,ECS Refining,1687
2021,Recycle,R-E-waste,ECS Refining,1643
2021,Recycle,R-Confidential shredding,Corodata,226
2021,Compost,C-Yardwaste,Mission Trail,922
2021,Compost,C-Yardwaste,Mission Trail,899
2021,Landfill,L-Landfill,Mission Trail,1157
2021,Landfill,L-Landfill,Mission Trail,1221
2021,Landfill,L-Landfill,Mission Trail,1208
2021,Recycle,R-Mixed recycling,Mission Trail,1138
2021,Compost,C-Yardwaste,Mission Trail,1070
2021,Compost,C-Yardwaste,Mission Trail,972
2021,Landfill,L-Landfill,Mission Trail,1479
2021,Landfill,L-Landfill,Mission Trail,1507
2021,Landfill,L-Landfill,Mission Trail,1445
2021,Recycle,R-Mixed recycling,Mission Trail,1460
2021,Recycle,R-Mixed recycling,Mission Trail,1474
2021,Recycle,R-Mixed recycling,Mission Trail,1471
2021,Recycle,R-Mixed recycling,Mission Trail,1462
2021,Recycle,R-Mixed recycling,Mission Trail,1474
2021,Recycle,R-Mixed recycling,Mission Trail,1467
2021,Landfill,L-Landfill,Mission Trail,1608
2021,Landfill,L-Landfill,Mission Trail,1311
2021,Landfill,L-Landfill,Mission Trail,1162
2021,Recycle,R-Mixed recycling,Mission Trail,1485
2021,Recycle,R-Mixed recycling,Mission Trail,826
2021,Recycle,R-Mixed recycling,Mission Trail,832
2021,Recycle,R-Metal,Sims,176
2019,Landfill,L-Construction & Demolition,Others,1083
2019,Landfill,L-Construction & Demolition,Others,669
2019,Landfill,L-Construction & Demolition,Others,480
2019,Landfill,L-Construction & Demolition,Others,84
2019,Landfill,L-Construction & Demolition,Others,765
2019,Landfill,L-Construction & Demolition,Others,984
2019,Landfill,L-Construction & Demolition,Others,2274
2021,Landfill,L-Construction & Demolition,Others,1582
2021,Landfill,L-Construction & Demolition,Others,1035
2021,Landfill,L-Construction & Demolition,Others,1265
2021,Landfill,L-Construction & Demolition,Others,1052
2021,Landfill,L-Construction & Demolition,Others,1278
2021,Landfill,L-Construction & Demolition,Others,1582
2021,Landfill,L-Construction & Demolition,Others,1687
2021,Landfill,L-Construction & Demolition,Others,896
2021,Landfill,L-Construction & Demolition,Others,1653
2019,Recycle,R-Construction & Demolition,Others,1147
2019,Recycle,R-Construction & Demolition,Others,1449
2019,Recycle,R-Construction & Demolition,Others,1265
2019,Recycle,R-Construction & Demolition,Others,1371
2019,Recycle,R-Construction & Demolition,Others,306
2019,Recycle,R-Construction & Demolition,Others,1140
2019,Recycle,R-Construction & Demolition,Others,1687
2019,Recycle,R-Construction & Demolition,Others,939
2019,Recycle,R-Construction & Demolition,Others,1078
2021,Recycle,R-Construction & Demolition,Others,1182
2021,Recycle,R-Construction & Demolition,Others,352
2021,Recycle,R-Construction & Demolition,Others,1035
2021,Recycle,R-Construction & Demolition,Others,1451
2021,Recycle,R-Construction & Demolition,Others,992
2021,Recycle,R-Confidential shredding,Corodata,450
2021,Recycle,R-Confidential shredding,Corodata,1259
2021,Recycle,R-Confidential shredding,Corodata,785
2021,Recycle,R-Confidential shredding,Corodata,1107
2021,Recycle,R-Confidential shredding,Corodata,348
2021,Recycle,R-Confidential shredding,Corodata,1050
2021,Recycle,R-Confidential shredding,Corodata,827
2021,Recycle,R-E-waste,Others,1327
2022,Compost,C-Yardwaste,Mission Trail,1051
2022,Compost,C-Yardwaste,Mission Trail,1035
2022,Compost,C-Yardwaste,Mission Trail,950
2022,Compost,C-Yardwaste,Mission Trail,952
2022,Compost,C-Yardwaste,Mission Trail,919
2022,Landfill,L-Landfill,Mission Trail,1452
2022,Landfill,L-Landfill,Mission Trail,1397
2022,Landfill,L-Landfill,Mission Trail,1311
2022,Landfill,L-Landfill,Mission Trail,1457
2022,Landfill,L-Landfill,Mission Trail,1408
2022,Landfill,L-Landfill,Mission Trail,1411
2022,Recycle,R-Mixed recycling,Mission Trail,1503
2022,Recycle,R-Mixed recycling,Mission Trail,1444
2022,Recycle,R-Mixed recycling,Mission Trail,1458
2022,Recycle,R-Mixed recycling,Mission Trail,1452
2022,Recycle,R-Mixed recycling,Mission Trail,1451
2022,Landfill,L-Landfill,Mission Trail,537
2022,Landfill,L-Landfill,Mission Trail,268
2022,Recycle,R-Mixed recycling,Mission Trail,141
2022,Compost,C-Foodscraps,Mission Trail,2723
2022,Recycle,R-Confidential shredding,Corodata,615
2022,Recycle,R-Metal,Sims,81
2022,Compost,C-Yardwaste,Mission Trail,964
2022,Compost,C-Yardwaste,Mission Trail,901
2022,Landfill,L-Landfill,Mission Trail,1373
2022,Landfill,L-Landfill,Mission Trail,1419
2022,Landfill,L-Landfill,Mission Trail,1378
2022,Landfill,L-Landfill,Mission Trail,1482
2022,Landfill,L-Landfill,Mission Trail,1411
2022,Landfill,L-Landfill,Mission Trail,1453
2022,Landfill,L-Landfill,Mission Trail,1410
2022,Landfill,L-Landfill,Mission Trail,1452
2022,Recycle,R-Mixed recycling,Mission Trail,1455
2022,Recycle,R-Mixed recycling,Mission Trail,1458
2022,Recycle,R-Mixed recycling,Mission Trail,1455
2022,Recycle,R-Mixed recycling,Mission Trail,1448
2022,Compost,C-Yardwaste,Mission Trail,894
2022,Compost,C-Yardwaste,Mission Trail,956
2022,Compost,C-Yardwaste,Mission Trail,886
2022,Landfill,L-Landfill,Mission Trail,1414
2022,Landfill,L-Landfill,Mission Trail,1149
2022,Landfill,L-Landfill,Mission Trail,1467
2022,Recycle,R-Mixed recycling,Mission Trail,1459
2022,Recycle,R-Mixed recycling,Mission Trail,1451
2022,Compost,C-Yardwaste,Mission Trail,1075
2022,Compost,C-Yardwaste,Mission Trail,959
2022,Compost,C-Yardwaste,Mission Trail,953
2022,Landfill,L-Landfill,Mission Trail,1485
2022,Landfill,L-Landfill,Mission Trail,1454
2022,Landfill,L-Landfill,Mission Trail,1417
2022,Landfill,L-Landfill,Mission Trail,1383
2022,Landfill,L-Landfill,Mission Trail,1431
2022,Recycle,R-Mixed recycling,Mission Trail,1457
2022,Recycle,R-Mixed recycling,Mission Trail,1456
2022,Recycle,R-Mixed recycling,Mission Trail,1471
2022,Recycle,R-Mixed recycling,Mission Trail,1463
2022,Recycle,R-Mixed recycling,Mission Trail,1463
2022,Recycle,R-Mixed recycling,Mission Trail,1450
2022,Landfill,L-Landfill,Mission Trail,537
2022,Recycle,R-Mixed recycling,Mission Trail,141
2022,Compost,C-Foodscraps,Mission Trail,2723
2022,Compost,C-Organics,Mission Trail,5695
2022,Landfill,L-Landfill,Mission Trail,537
2022,Compost,C-Organics,Mission Trail,5695
2022,Landfill,L-Landfill,Mission Trail,268
2022,Recycle,R-Mixed recycling,Mission Trail,141
2022,Compost,C-Foodscraps,Mission Trail,2723
2022,Compost,C-Organics,Mission Trail,5695
2022,Compost,C-Yardwaste,Mission Trail,916
2022,Landfill,L-Landfill,Mission Trail,825
2022,Landfill,L-Landfill,Mission Trail,837
2022,Landfill,L-Landfill,Mission Trail,917
2022,Landfill,L-Landfill,Mission Trail,950
2022,Landfill,L-Landfill,Mission Trail,1020
2022,Landfill,L-Landfill,Mission Trail,1067
2022,Landfill,L-Landfill,Mission Trail,881
2022,Landfill,L-Landfill,Mission Trail,814
2022,Landfill,L-Landfill,Mission Trail,1240
2022,Landfill,L-Landfill,Mission Trail,1188
2022,Landfill,L-Landfill,Mission Trail,1338
2022,Landfill,L-Landfill,Mission Trail,1422
2022,Landfill,L-Landfill,Mission Trail,1412
2022,Landfill,L-Landfill,Mission Trail,1502
2022,Landfill,L-Landfill,Mission Trail,1207
2022,Recycle,R-Mixed recycling,Mission Trail,1470
2022,Recycle,R-Mixed recycling,Mission Trail,1442
2022,Recycle,R-Mixed recycling,Mission Trail,1447
2022,Recycle,R-Mixed recycling,Mission Trail,1454
2022,Recycle,R-Mixed recycling,Mission Trail,1978
2022,Recycle,R-Mixed recycling,Mission Trail,1483
2022,Recycle,R-Mixed recycling,Mission Trail,1474
2022,Recycle,R-Mixed recycling,Mission Trail,1430
2022,Recycle,R-Mixed recycling,Mission Trail,1447
2022,Landfill,L-Landfill,Mission Trail,829
2022,Recycle,R-Mixed recycling,Mission Trail,154
2022,Recycle,R-Metal,Sims,117
2022,Compost,C-Yardwaste,Mission Trail,1046
2022,Compost,C-Yardwaste,Mission Trail,1048
2022,Landfill,L-Landfill,Mission Trail,1251
2022,Landfill,L-Landfill,Mission Trail,1259
2022,Landfill,L-Landfill,Mission Trail,1328
2022,Landfill,L-Landfill,Mission Trail,1467
2022,Compost,C-Yardwaste,Mission Trail,975
2022,Compost,C-Yardwaste,Mission Trail,996
2022,Recycle,R-Mixed recycling,Mission Trail,1591
2022,Recycle,R-Mixed recycling,Mission Trail,1599
2022,Recycle,R-Mixed recycling,Mission Trail,1562
2022,Landfill,L-Landfill,Mission Trail,1296
2022,Landfill,L-Landfill,Mission Trail,1272
2022,Recycle,R-Mixed recycling,Mission Trail,1569
2022,Recycle,R-Mixed recycling,Mission Trail,1581
2022,Recycle,R-Mixed recycling,Mission Trail,1610
2022,Compost,C-Foodscraps,Mission Trail,2968
2022,Landfill,L-Landfill,Mission Trail,829
2022,Compost,C-Foodscraps,Mission Trail,2968
2022,Recycle,R-Mixed recycling,Mission Trail,154
2022,Recycle,R-Metal,Sims,117
2022,Recycle,R-Metal,Sims,843
2022,Recycle,R-Metal,Sims,1995
2022,Recycle,R-Metal,Sims,1687
2022,Recycle,R-Metal,Sims,843
2022,Recycle,R-Metal,Sims,1193
2022,Recycle,R-Metal,Sims,912
2022,Recycle,R-Metal,Sims,1265
2022,Recycle,R-Metal,Sims,1001
2020,Recycle,R-E-waste,Others,1479
2020,Recycle,R-E-waste,Others,167
2020,Recycle,R-E-waste,Others,1286
2020,Recycle,R-E-waste,Others,428
2022,Recycle,R-Metal,Sims,1208
2022,Compost,C-Yardwaste,Mission Trail,952
2022,Compost,C-Yardwaste,Mission Trail,992
2022,Landfill,L-Landfill,Mission Trail,1455
2022,Landfill,L-Landfill,Mission Trail,1490
2022,Landfill,L-Landfill,Mission Trail,1466
2022,Landfill,L-Landfill,Mission Trail,1529
2022,Recycle,R-Mixed recycling,Mission Trail,1464
2022,Recycle,R-Mixed recycling,Mission Trail,1471
2022,Recycle,R-Mixed recycling,Mission Trail,1448
2022,Compost,C-Yardwaste,Mission Trail,952
2022,Compost,C-Yardwaste,Mission Trail,943
2022,Landfill,L-Landfill,Mission Trail,1727
2022,Landfill,L-Landfill,Mission Trail,1396
2022,Landfill,L-Landfill,Mission Trail,1395
2022,Landfill,L-Landfill,Mission Trail,1554
2022,Landfill,L-Landfill,Mission Trail,1596
2022,Recycle,R-Mixed recycling,Mission Trail,1622
2022,Recycle,R-Mixed recycling,Mission Trail,1618
2022,Recycle,R-Mixed recycling,Mission Trail,1614
2022,Recycle,R-Mixed recycling,Mission Trail,1613
2022,Recycle,R-Mixed recycling,Mission Trail,1603
2022,Recycle,R-Mixed recycling,Mission Trail,1594
2022,Compost,C-Yardwaste,Mission Trail,1108
2022,Landfill,L-Landfill,Mission Trail,1603
2022,Landfill,L-Landfill,Mission Trail,1603
2022,Landfill,L-Landfill,Mission Trail,1601
2022,Landfill,L-Landfill,Mission Trail,1566
2022,Recycle,R-Mixed recycling,Mission Trail,1600
2022,Recycle,R-Mixed recycling,Mission Trail,1599
2022,Recycle,R-Mixed recycling,Mission Trail,1606
2022,Recycle,R-Mixed recycling,Mission Trail,1588
2022,Recycle,R-Mixed recycling,Mission Trail,1597
2022,Compost,C-Yardwaste,Mission Trail,1084
2022,Landfill,L-Landfill,Mission Trail,1748
2022,Landfill,L-Landfill,Mission Trail,1587
2022,Landfill,L-Landfill,Mission Trail,1556
2022,Recycle,R-Mixed recycling,Mission Trail,1604
2022,Recycle,R-Mixed recycling,Mission Trail,1604
2022,Recycle,R-Mixed recycling,Mission Trail,1577
2022,Compost,C-Yardwaste,Mission Trail,1001
2022,Compost,C-Yardwaste,Mission Trail,1204
2022,Compost,C-Yardwaste,Mission Trail,1162
2022,Compost,C-Yardwaste,Mission Trail,1011
2022,Compost,C-Yardwaste,Mission Trail,1001
2022,Compost,C-Yardwaste,Mission Trail,1204
2022,Compost,C-Yardwaste,Mission Trail,1100
2022,Landfill,L-Landfill,Mission Trail,1512
2022,Landfill,L-Landfill,Mission Trail,1499
2022,Landfill,L-Landfill,Mission Trail,1563
2022,Landfill,L-Landfill,Mission Trail,1378
2022,Landfill,L-Landfill,Mission Trail,1276
2022,Recycle,R-Mixed recycling,Mission Trail,1595
2022,Recycle,R-Mixed recycling,Mission Trail,1600
2022,Recycle,R-Mixed recycling,Mission Trail,1586
2022,Recycle,R-Mixed recycling,Mission Trail,1568
2023,Recycle,R-Metal,Green Waste,328
2023,Landfill,L-Landfill,Mission Trail,1456
2023,Landfill,L-Landfill,Mission Trail,1341
2023,Landfill,L-Landfill,Mission Trail,1518
2023,Landfill,L-Landfill,Mission Trail,1553
2023,Landfill,L-Landfill,Mission Trail,1657
2023,Landfill,L-Landfill,Mission Trail,1629
2023,Landfill,L-Landfill,Mission Trail,1594
2023,Landfill,L-Landfill,Mission Trail,1606
2023,Compost,C-Yardwaste,Mission Trail,1048
2023,Compost,C-Yardwaste,Mission Trail,1205
2023,Compost,C-Yardwaste,Mission Trail,1122
2023,Compost,C-Yardwaste,Mission Trail,1141
2023,Recycle,R-Mixed recycling,Mission Trail,1598
2023,Recycle,R-Mixed recycling,Mission Trail,1600
2023,Recycle,R-Mixed recycling,Mission Trail,1584
2023,Recycle,R-Mixed recycling,Mission Trail,1600
2023,Recycle,R-Mixed recycling,Mission Trail,1602
2023,Recycle,R-Mixed recycling,Mission Trail,1589
2023,Compost,C-Foodscraps,Mission Trail,154
2023,Compost,C-Organics,Mission Trail,830
2023,Compost,C-Yardwaste,Mission Trail,984
2023,Compost,C-Yardwaste,Mission Trail,953
2023,Compost,C-Yardwaste,Mission Trail,933
2023,Landfill,L-Landfill,Mission Trail,1679
2023,Landfill,L-Landfill,Mission Trail,1577
2023,Landfill,L-Landfill,Mission Trail,1553
2023,Recycle,R-Mixed recycling,Mission Trail,1600
2023,Recycle,R-Mixed recycling,Mission Trail,1588
2023,Recycle,R-Mixed recycling,Mission Trail,1593
2023,Recycle,R-Mixed recycling,Mission Trail,1585
2023,Recycle,R-Mixed recycling,Mission Trail,1592
2023,Recycle,R-Mixed recycling,Mission Trail,1596
2023,Landfill,L-Landfill,Mission Trail,6208
2023,Compost,C-Yardwaste,Mission Trail,1052
2023,Landfill,L-Landfill,Mission Trail,1703
2023,Landfill,L-Landfill,Mission Trail,1564
2023,Landfill,L-Landfill,Mission Trail,1612
2023,Landfill,L-Landfill,Mission Trail,1553
2023,Landfill,L-Landfill,Mission Trail,1419
2023,Recycle,R-Mixed recycling,Mission Trail,1588
2023,Recycle,R-Mixed recycling,Mission Trail,1589
2023,Recycle,R-Mixed recycling,Mission Trail,1604
2023,Recycle,R-Mixed recycling,Mission Trail,1592
2023,Recycle,R-Mixed recycling,Mission Trail,1600
2023,Recycle,R-Mixed recycling,Mission Trail,1576
2023,Landfill,L-Landfill,Mission Trail,829
2023,Compost,C-Yardwaste,Mission Trail,1063
2023,Compost,C-Yardwaste,Mission Trail,1031
2023,Compost,C-Yardwaste,Mission Trail,1029
2023,Landfill,L-Landfill,Mission Trail,2024
2023,Landfill,L-Landfill,Mission Trail,1465
2023,Landfill,L-Landfill,Mission Trail,1635
2023,Landfill,L-Landfill,Mission Trail,1564
2023,Landfill,L-Landfill,Mission Trail,1610
2023,Recycle,R-Mixed recycling,Mission Trail,1573
2023,Recycle,R-Mixed recycling,Mission Trail,1600
2023,Recycle,R-Mixed recycling,Mission Trail,1606
2023,Recycle,R-Mixed recycling,Mission Trail,1606
2023,Recycle,R-Mixed recycling,Mission Trail,1595
2023,Recycle,R-Mixed recycling,Mission Trail,1594
2023,Recycle,R-Mixed recycling,Mission Trail,1603
2023,Compost,C-Organics,Mission Trail,5173
2023,Recycle,R-Mixed recycling,Mission Trail,154
2023,Landfill,L-Landfill,Mission Trail,276
2023,Compost,C-Yardwaste,Mission Trail,1099
2023,Compost,C-Yardwaste,Mission Trail,924
2023,Compost,C-Yardwaste,Mission Trail,1013
2023,Landfill,L-Landfill,Mission Trail,1534
2023,Landfill,L-Landfill,Mission Trail,1661
2023,Landfill,L-Landfill,Mission Trail,1526
2023,Landfill,L-Landfill,Mission Trail,1611
2023,Landfill,L-Landfill,Mission Trail,1674
2023,Landfill,L-Landfill,Mission Trail,1548
2023,Landfill,L-Landfill,Mission Trail,1613
2023,Landfill,L-Landfill,Mission Trail,1623
2023,Landfill,L-Landfill,Mission Trail,1599
2023,Recycle,R-Mixed recycling,Mission Trail,1599
2023,Recycle,R-Mixed recycling,Mission Trail,1589
2023,Recycle,R-Mixed recycling,Mission Trail,1586
2023,Recycle,R-Mixed recycling,Mission Trail,1586
2023,Recycle,R-Mixed recycling,Mission Trail,1592
2023,Compost,C-Yardwaste,Mission Trail,1032
2023,Compost,C-Yardwaste,Mission Trail,997
2023,Compost,C-Yardwaste,Mission Trail,962
2023,Compost,C-Foodscraps,Mission Trail,2968
2023,Compost,C-Organics,Mission Trail,6208
2023,Landfill,L-Landfill,Mission Trail,1561
2023,Landfill,L-Landfill,Mission Trail,1489
2023,Landfill,L-Landfill,Mission Trail,1036
2023,Landfill,L-Landfill,Mission Trail,1018
2023,Landfill,L-Landfill,Mission Trail,1622
2023,Landfill,L-Landfill,Mission Trail,1103
2023,Landfill,L-Landfill,Mission Trail,1168
2023,Landfill,L-Landfill,Mission Trail,1176
2023,Landfill,L-Landfill,Mission Trail,1550
2023,Landfill,L-Landfill,Mission Trail,1579
2023,Landfill,L-Landfill,Mission Trail,1151
2023,Landfill,L-Landfill,Mission Trail,1623
2023,Landfill,L-Landfill,Mission Trail,1607
2023,Landfill,L-Landfill,Mission Trail,1436
2023,Landfill,L-Landfill,Mission Trail,553
2023,Recycle,R-Mixed recycling,Mission Trail,1582
2023,Recycle,R-Mixed recycling,Mission Trail,1588
2023,Recycle,R-Mixed recycling,Mission Trail,1599
2023,Recycle,R-Mixed recycling,Mission Trail,1599
2023,Recycle,R-Mixed recycling,Mission Trail,1575
2023,Recycle,R-Mixed recycling,Mission Trail,1592
2023,Recycle,R-Mixed recycling,Mission Trail,1601
2023,Recycle,R-Mixed recycling,Mission Trail,162
2023,Landfill,L-Landfill,Mission Trail,899
2023,Compost,C-Yardwaste,Mission Trail,1076
2023,Compost,C-Yardwaste,Mission Trail,1036
2023,Landfill,L-Landfill,Mission Trail,1366
2023,Landfill,L-Landfill,Mission Trail,1546
2023,Recycle,R-Mixed recycling,Mission Trail,2793
2023,Compost,C-Organics,Mission Trail,6515
2023,Landfill,L-Landfill,Mission Trail,899
2023,Compost,C-Yardwaste,Mission Trail,1111
2023,Compost,C-Yardwaste,Mission Trail,1046
2023,Compost,C-Yardwaste,Mission Trail,984
2023,Compost,C-Yardwaste,Mission Trail,1000
2023,Landfill,L-Landfill,Mission Trail,1469
2023,Landfill,L-Landfill,Mission Trail,1541
2023,Landfill,L-Landfill,Mission Trail,1567
2023,Landfill,L-Landfill,Mission Trail,1541
2023,Landfill,L-Landfill,Mission Trail,1550
2023,Landfill,L-Landfill,Mission Trail,1716
2023,Recycle,R-Mixed recycling,Mission Trail,2116
2023,Recycle,R-Mixed recycling,Mission Trail,2883
2023,Recycle,R-Mixed recycling,Mission Trail,3280
2023,Recycle,R-Mixed recycling,Mission Trail,2895
2023,Recycle,R-Mixed recycling,Mission Trail,2735
2023,Compost,C-Foodscraps,Mission Trail,3115
2023,Compost,C-Organics,Mission Trail,6515
2023,Compost,C-Yardwaste,Mission Trail,1067
2023,Compost,C-Yardwaste,Mission Trail,1179
2023,Compost,C-Yardwaste,Mission Trail,992
2023,Compost,C-Yardwaste,Mission Trail,1030
2023,Compost,C-Yardwaste,Mission Trail,987
2023,Landfill,L-Landfill,Mission Trail,1700
2023,Landfill,L-Landfill,Mission Trail,1669
2023,Landfill,L-Landfill,Mission Trail,1707
2023,Recycle,R-Mixed recycling,Mission Trail,2722
2023,Recycle,R-Mixed recycling,Mission Trail,2562
2023,Recycle,R-Mixed recycling,Mission Trail,2710
2023,Recycle,R-Mixed recycling,Mission Trail,2267
2023,Compost,C-Foodscraps,Mission Trail,3115
2023,Compost,C-Organics,Mission Trail,6515
2023,Recycle,R-Mixed recycling,Mission Trail,162
2023,Landfill,L-Landfill,Mission Trail,899
2023,Compost,C-Yardwaste,Mission Trail,1096
2023,Compost,C-Yardwaste,Mission Trail,1049
2023,Compost,C-Yardwaste,Mission Trail,1168
2023,Compost,C-Yardwaste,Mission Trail,996
2023,Landfill,L-Landfill,Mission Trail,1672
2023,Landfill,L-Landfill,Mission Trail,1685
2023,Landfill,L-Landfill,Mission Trail,1552
2023,Recycle,R-Mixed recycling,Mission Trail,2608
2023,Recycle,R-Mixed recycling,Mission Trail,2369
2023,Recycle,R-Mixed recycling,Mission Trail,2335
2024,Compost,C-Foodscraps,Mission Trail,3115
2024,Compost,C-Organics,Mission Trail,6515
2024,Recycle,R-Mixed recycling,Mission Trail,162
2024,Landfill,L-Landfill,Mission Trail,899
2024,Compost,C-Yardwaste,Mission Trail,1172
2024,Compost,C-Yardwaste,Mission Trail,1109
2024,Compost,C-Yardwaste,Mission Trail,1087
2024,Compost,C-Yardwaste,Mission Trail,1051
2024,Landfill,L-Landfill,Mission Trail,1591
2024,Landfill,L-Landfill,Mission Trail,1638
2024,Landfill,L-Landfill,Mission Trail,1661
2024,Landfill,L-Landfill,Mission Trail,1640
2024,Landfill,L-Landfill,Mission Trail,1745
2024,Recycle,R-Mixed recycling,Mission Trail,2722
2024,Recycle,R-Mixed recycling,Mission Trail,2586
2024,Recycle,R-Mixed recycling,Mission Trail,2549
2024,Recycle,R-Mixed recycling,Mission Trail,2467
2024,Recycle,R-Mixed recycling,Mission Trail,2815
2024,Recycle,R-Mixed recycling,Mission Trail,2532
2024,Recycle,R-Mixed recycling,Mission Trail,162
2024,Landfill,L-Landfill,Mission Trail,899
2024,Compost,C-Yardwaste,Mission Trail,1259
2024,Compost,C-Yardwaste,Mission Trail,1109
2024,Compost,C-Yardwaste,Mission Trail,1030
2024,Compost,C-Yardwaste,Mission Trail,1089
2024,Compost,C-Yardwaste,Mission Trail,1052
2024,Landfill,L-Landfill,Mission Trail,1709
2024,Landfill,L-Landfill,Mission Trail,1789
2024,Landfill,L-Landfill,Mission Trail,1669
2024,Landfill,L-Landfill,Mission Trail,1809
2024,Landfill,L-Landfill,Mission Trail,1617
2024,Recycle,R-Mixed recycling,Mission Trail,2564
2024,Recycle,R-Mixed recycling,Mission Trail,2725
2024,Recycle,R-Mixed recycling,Mission Trail,2584
2024,Recycle,R-Mixed recycling,Mission Trail,2817
2024,Compost,C-Yardwaste,Mission Trail,1095
2024,Compost,C-Yardwaste,Mission Trail,1107
2024,Compost,C-Yardwaste,Mission Trail,1115
2024,Compost,C-Yardwaste,Mission Trail,951
2024,Landfill,L-Landfill,Mission Trail,1605
2024,Landfill,L-Landfill,Mission Trail,1697
2024,Landfill,L-Landfill,Mission Trail,1748
2024,Landfill,L-Landfill,Mission Trail,1766
2024,Landfill,L-Landfill,Mission Trail,1512
2024,Recycle,R-Mixed recycling,Mission Trail,2566
2024,Recycle,R-Mixed recycling,Mission Trail,2542
2024,Recycle,R-Mixed recycling,Mission Trail,2513
2024,Recycle,R-Mixed recycling,Mission Trail,2389
2024,Recycle,R-Mixed recycling,Mission Trail,2130
2024,Compost,C-Foodscraps,Mission Trail,3115
2024,Compost,C-Organics,Mission Trail,6515
2024,Recycle,R-Mixed recycling,Mission Trail,162
2024,Landfill,L-Landfill,Mission Trail,899
2024,Compost,C-Yardwaste,Mission Trail,1113
2024,Landfill,L-Landfill,Mission Trail,1669
2024,Landfill,L-Landfill,Mission Trail,1753
2024,Landfill,L-Landfill,Mission Trail,1707
2024,Landfill,L-Landfill,Mission Trail,1725
2024,Recycle,R-Mixed recycling,Mission Trail,2391
2024,Recycle,R-Mixed recycling,Mission Trail,2545
2024,Recycle,R-Mixed recycling,Mission Trail,2598
2024,Recycle,R-Mixed recycling,Mission Trail,2547
2024,Recycle,R-Mixed recycling,Mission Trail,2562
2024,Recycle,R-Mixed recycling,Mission Trail,2481
2024,Compost,C-Foodscraps,Mission Trail,3115
2024,Compost,C-Organics,Mission Trail,6515
2024,Recycle,R-Mixed recycling,Mission Trail,162
2024,Landfill,L-Landfill,Mission Trail,899
2024,Compost,C-Yardwaste,Mission Trail,1104
2024,Compost,C-Yardwaste,Mission Trail,1045
2024,Compost,C-Yardwaste,Mission Trail,1046
2024,Landfill,L-Landfill,Mission Trail,1708
2024,Landfill,L-Landfill,Mission Trail,1700
2024,Landfill,L-Landfill,Mission Trail,1647
2024,Landfill,L-Landfill,Mission Trail,1697
2024,Landfill,L-Landfill,Mission Trail,1672
2024,Landfill,L-Landfill,Mission Trail,1767
2024,Landfill,L-Landfill,Mission Trail,1618
2024,Recycle,R-Mixed recycling,Mission Trail,2440
2024,Recycle,R-Mixed recycling,Mission Trail,2661
2024,Recycle,R-Mixed recycling,Mission Trail,2486
2024,Recycle,R-Mixed recycling,Mission Trail,2542
2024,Recycle,R-Mixed recycling,Mission Trail,2357
2024,Recycle,R-Mixed recycling,Mission Trail,2274
2024,Compost,C-Foodscraps,Mission Trail,3115
2024,Recycle,R-Mixed recycling,Mission Trail,162
2024,Landfill,L-Landfill,Mission Trail,899
2024,Compost,C-Yardwaste,Mission Trail,1123
2024,Compost,C-Yardwaste,Mission Trail,1153
2024,Landfill,L-Landfill,Mission Trail,1262
2024,Landfill,L-Landfill,Mission Trail,1414
2024,Landfill,L-Landfill,Mission Trail,1328
2024,Landfill,L-Landfill,Mission Trail,1444
2024,Landfill,L-Landfill,Mission Trail,1392
2024,Landfill,L-Landfill,Mission Trail,1373
2024,Landfill,L-Landfill,Mission Trail,1303
2024,Recycle,R-Mixed recycling,Mission Trail,2574
2024,Recycle,R-Mixed recycling,Mission Trail,2474
2024,Recycle,R-Mixed recycling,Mission Trail,2157
2024,Compost,C-Organics,Mission Trail,6515
2024,Recycle,R-Mixed recycling,Mission Trail,162
2024,Compost,C-Yardwaste,Mission Trail,1112
2024,Compost,C-Yardwaste,Mission Trail,1088
2024,Compost,C-Yardwaste,Mission Trail,1137
2024,Landfill,L-Landfill,Mission Trail,1458
2024,Landfill,L-Landfill,Mission Trail,1600
2024,Landfill,L-Landfill,Mission Trail,1648
2024,Recycle,R-Mixed recycling,Mission Trail,3375
2024,Compost,C-Foodscraps,Mission Trail,3115
2024,Compost,C-Organics,Mission Trail,6515
2024,Landfill,L-Landfill,Mission Trail,899
2024,Compost,C-Yardwaste,Mission Trail,1053
2024,Compost,C-Yardwaste,Mission Trail,1146
2024,Compost,C-Yardwaste,Mission Trail,1223
2024,Landfill,L-Landfill,Mission Trail,1573
2024,Landfill,L-Landfill,Mission Trail,1611
2024,Landfill,L-Landfill,Mission Trail,1607
2024,Landfill,L-Landfill,Mission Trail,1495
2024,Landfill,L-Landfill,Mission Trail,1534
2024,Recycle,R-Mixed recycling,Mission Trail,2769
2024,Recycle,R-Mixed recycling,Mission Trail,2925
2024,Compost,C-Organics,Mission Trail,6515
2024,Compost,C-Yardwaste,Mission Trail,1255
2024,Landfill,L-Landfill,Mission Trail,1404
2024,Landfill,L-Landfill,Mission Trail,1472
2024,Landfill,L-Landfill,Mission Trail,1383
2024,Recycle,R-Mixed recycling,Mission Trail,2150
2024,Recycle,R-Mixed recycling,Mission Trail,3017
2024,Recycle,R-Mixed recycling,Mission Trail,2930
2024,Recycle,R-Mixed recycling,Mission Trail,2420
2024,Recycle,R-Mixed recycling,Mission Trail,2652
2024,Recycle,R-Mixed recycling,Mission Trail,2793
2024,Recycle,R-Mixed recycling,Mission Trail,2837
2024,Compost,C-Foodscraps,Mission Trail,3115
2024,Compost,C-Organics,Mission Trail,6515
2024,Recycle,R-Mixed recycling,Mission Trail,162
2024,Landfill,L-Landfill,Mission Trail,899
2024,Compost,C-Organics,Mission Trail,6515
2024,Recycle,R-Mixed recycling,Mission Trail,162
2024,Compost,C-Yardwaste,Mission Trail,989
2024,Compost,C-Yardwaste,Mission Trail,1031
2024,Landfill,L-Landfill,Mission Trail,1662
2024,Landfill,L-Landfill,Mission Trail,1597
2024,Landfill,L-Landfill,Mission Trail,1630
2024,Landfill,L-Landfill,Mission Trail,1607
2024,Landfill,L-Landfill,Mission Trail,1542
2024,Recycle,R-Mixed recycling,Mission Trail,2727
2024,Recycle,R-Mixed recycling,Mission Trail,2820
2024,Recycle,R-Mixed recycling,Mission Trail,2774
2024,Recycle,R-Mixed recycling,Mission Trail,2596
2024,Recycle,R-Mixed recycling,Mission Trail,2527
2024,Compost,C-Foodscraps,Mission Trail,3115
2024,Compost,C-Organics,Mission Trail,6515
2024,Recycle,R-Mixed recycling,Mission Trail,162
2024,Landfill,L-Landfill,Mission Trail,899
2024,Compost,C-Yardwaste,Mission Trail,1167
2024,Compost,C-Yardwaste,Mission Trail,1251
2024,Landfill,L-Landfill,Mission Trail,1589
2024,Landfill,L-Landfill,Mission Trail,1626
2024,Landfill,L-Landfill,Mission Trail,1554
2024,Landfill,L-Landfill,Mission Trail,1679
2024,Landfill,L-Landfill,Mission Trail,1627
2024,Landfill,L-Landfill,Mission Trail,1326
2024,Recycle,R-Mixed recycling,Mission Trail,2125
2024,Recycle,R-Mixed recycling,Mission Trail,2649
2024,Recycle,R-Mixed recycling,Mission Trail,2854
2024,Recycle,R-Mixed recycling,Mission Trail,2937
2024,Recycle,R-Mixed recycling,Mission Trail,1831
2024,Compost,C-Foodscraps,Mission Trail,3115
2024,Compost,C-Organics,Mission Trail,6515
2024,Recycle,R-Mixed recycling,Mission Trail,162
2024,Landfill,L-Landfill,Mission Trail,899
2024,Recycle,R-Construction & Demolition,Others,176
2024,Recycle,R-Construction & Demolition,Others,1431
2024,Recycle,R-Construction & Demolition,Others,1630
2024,Recycle,L-Construction & Demolition,Mission Trail,1566
2024,Recycle,R-Construction & Demolition,Others,1630
2024,Recycle,L-Construction & Demolition,Mission Trail,1589
2024,Recycle,R-Construction & Demolition,Others,1554
2024,Recycle,L-Construction & Demolition,Mission Trail,1482
2024,Recycle,R-Construction & Demolition,Others,1594
2024,Recycle,R-Construction & Demolition,Others,323
2024,Recycle,L-Construction & Demolition,Mission Trail,4592
2024,Recycle,R-Construction & Demolition,Others,2723
2024,Recycle,R-Construction & Demolition,Others,1004
2025,Recycle,R-Construction & Demolition,Others,64
2025,Recycle,L-Construction & Demolition,Mission Trail,1619